titulo	numero_expediente	tipo_contrato	estado_licitacion	importe_licitacion	valor_estimado_contrato	fecha_limite_presentacion	organo_contratacion	enlace	codigo_cpv	procedimiento_contratacion	forma_presentacion	duracion_contrato	financiacion_ue	fecha_formalizacion	lugar_ejecucion	sistema_contratacion	tramitacion	descripcion	pdf	fuente	fecha_proceso	topicos_lda	clasificacion	palabras_tecnologicas_detectadas	palabras_descartadas_detectadas
0000504/2025 SUMINISTRO DE ARRENDAMIENTO Y MANTENIMIENTO INTEGRAL, SIN OPCIÓN A COMPRA, DE MAQUINARIA DE LAVANDERÍA INDUSTRIAL PARA EL HOSPITAL UNIVERSITARIO DE JAÉN, CENTRO ADSCRITO A LA CENTRAL PROVINCIAL DE COMPRAS DE JAÉN, MEDIANTE PROCEDIMIENTO ABIERTO Y TRAMITACIÓN ELECTRÓNICA	CONTR 2025 0000451570	Suministros	Publicada	404958.6	404958.6	2025-07-31	Servicio Andaluz de Salud	https://www.juntadeandalucia.es/haciendayadministracionpublica/apl/pdc-front-publico/perfiles-licitaciones/detalle-licitacion?idExpediente=832304	31000000-6 Máquinas, aparatos, equipo y productos consumibles eléctricos; iluminación50530000-9 Servicios de reparación y mantenimiento de maquinaria	Abierto	Electrónica	Ver lotes	NotFound	2100-12-31	(código NUTS) ES616 - JaénJaén	NotFound	Ordinario	SUMINISTRO DE ARRENDAMIENTO Y MANTENIMIENTO INTEGRAL, SIN OPCIÓN A COMPRA, DE MAQUINARIA DE LAVANDERÍA INDUSTRIAL PARA EL HOSPITAL UNIVERSITARIO DE JAÉN, CENTRO ADSCRITO A LA CENTRAL PROVINCIAL DE COMPRAS DE JAÉN, MEDIANTE PROCEDIMIENTO ABIERTO Y TRAMITACIÓN ELECTRÓNICA	and_pliego_prescripciones_311512.pdf	Andalucía	2025-07-04	equipo, mantenimiento, tecnico, adjudicatario, empresa, hospital, jaen, universitario, servicio, centro (1.0)	No tecnológica		reparacion, limpieza, obra_civil
SUMINISTRO DE VESTUARIO PARA EL PERSONAL LABORAL 2025 2026 2027	CONTR 2025 0000263348	Suministros	Publicada	82019.25	82019.25	2025-06-27	Delegación Territorial de Fomento, Articulación del Territorio y Vivienda en Granada	https://www.juntadeandalucia.es/haciendayadministracionpublica/apl/pdc-front-publico/perfiles-licitaciones/detalle-licitacion?idExpediente=829870	18000000-9 Prendas de vestir, calzado, artículos de viaje y accesorios18100000-0 Ropa de trabajo, ropa de trabajo especial y accesorios18110000-3 Indumentaria de trabajo	Abierto	Electrónica	36 meses	NotFound	2100-12-31	(código NUTS) ES614 - GranadaGranada	NotFound	Ordinario	SUMINISTRO DE VESTUARIO PARA EL PERSONAL LABORAL DEPENDIENTE DE LA DELEGACIÓN TERRITORIAL DE FOMENTO, ARTICULACIÓN DEL TERRITORIO Y VIVIENDA  EN GRANADA PARA 2025-2026-2027	and_pliego_prescripciones_304582.pdf	Andalucía	2025-07-04	min, mujer, hombre, tallaje, color, tejido, contrato, prenda, minimo, navy (1.0)	No tecnológica		reparacion, infraestructura, vestuario
AM DE SERVICIOS DE DESARROLLO Y EVOLUCIÓN DE LOS SISTEMAS DE INFORMACIÓN	CONTR 2025 0000156038	Servicios	Publicada	0.0	930000000.0	2025-07-15	Agencia Digital de Andalucía	https://www.juntadeandalucia.es/haciendayadministracionpublica/apl/pdc-front-publico/perfiles-licitaciones/detalle-licitacion?idExpediente=829662	72222300-0 Servicios de tecnología de la información	Abierto	Electrónica	Ver lotes	NotFound	2100-12-31	(código NUTS) ES618 - SevillaSevilla	Acuerdo marco	Ordinario	Servicios de Desarrollo y Evolución de los Sistemas de Información en las distintas áreas de actividad de la Junta de Andalucía	and_pliego_prescripciones_306254.pdf	Andalucía	2025-07-04	servicio, gestion, sistema, contrato, informacion, digital, desarrollo, proyecto, verificacion, basado (1.0)	Tecnológica	software, crm, tecnologia, datos, inteligencia_artificial, machine_learning, etl, virtualizacion, cloud, nube, ciberseguridad, automatizacion	infraestructura, eventos, seguro
Adecuación Parcela para Estacionamientos sede DT	CONTR 2025 0000413292	Obras	Publicada	203108.25	203108.25	2025-07-21	Delegación Territorial de Empleo, Empresa y Trabajo Autónomo en Huelva	https://www.juntadeandalucia.es/haciendayadministracionpublica/apl/pdc-front-publico/perfiles-licitaciones/detalle-licitacion?idExpediente=832591	45223300-9 Trabajos de construcción de estacionamientos	Abierto simplificado	Electrónica	2 meses	NotFound	2100-12-31	(código NUTS) ES615 - HuelvaHuelva	NotFound	Ordinario	Adecuación Parcela para Estacionamientos sede DT	and_pliego_prescripciones_312306.pdf	Andalucía	2025-07-04	huelva, trabajo, obra, delegacion, autonomo, territorial, empleo, aparcamiento, estudio, tecnico (1.0)	N/S		
SUMINISTRO DE MOBILIARIO DE OFICINA PARA LA SEDE DE LOS SSCC AGRICULTURA	CONTR 2025 0000236135	Suministros	Publicada	57948.8	57948.8	2025-07-15	Consejería de Agricultura, Pesca, Agua y Desarrollo Rural. Secretaría General Técnica.	https://www.juntadeandalucia.es/haciendayadministracionpublica/apl/pdc-front-publico/perfiles-licitaciones/detalle-licitacion?idExpediente=832614	39000000-2 Mobiliario (incluido el de oficina), complementos de mobiliario, aparatos electrodomésticos (excluida la iluminación) y productos de limpieza	Abierto simplificado abreviado	Electrónica	4 meses	NotFound	2100-12-31	(código NUTS) ES618 - SevillaSevilla	NotFound	Ordinario	SUMINISTRO DE MOBILIARIO DE OFICINA PARA LA SEDE DE LOS SSCC AGRICULTURA	and_pliego_prescripciones_312409.pdf	Andalucía	2025-07-04	unidad, trabajo, respaldo, color, altura, siguiente, contrato, tecnico, adjudicatario, caracteristica (1.0)	No tecnológica		reparacion, mobiliario
0000372/2025 CONTRATACIÓN DEL SUMINISTRO DE TRACTO SUCESIVO Y PRECIOS UNITARIOS DE PRÓTESIS OSTEOARTICULARES DE CADERA, MATERIAL DEL GRUPO 04.06 DEL CATÁLOGO DE BIENES Y SERVICIOS DEL SERVICIO ANDALUZ DE SALUD, PARA LOS CENTROS SANITARIOS INTEGRADOS EN LA CENTRAL PROVINCIAL DE COMPRAS DE HUELVA.	CONTR 2025 0000359997	Suministros	Publicada	3122087.66	8741845.45	2025-07-07	Servicio Andaluz de Salud	https://www.juntadeandalucia.es/haciendayadministracionpublica/apl/pdc-front-publico/perfiles-licitaciones/detalle-licitacion?idExpediente=829715	33184100-4 Implantes quirúrgicos	Abierto	Electrónica	Ver lotes	NotFound	2100-12-31	(código NUTS) ES615 - HuelvaHuelva	NotFound	Ordinario	CONTRATACIÓN DEL SUMINISTRO DE TRACTO SUCESIVO Y PRECIOS UNITARIOS DE PRÓTESIS OSTEOARTICULARES DE CADERA, MATERIAL DEL GRUPO 04.06 DEL CATÁLOGO DE BIENES Y SERVICIOS DEL SERVICIO ANDALUZ DE SALUD, PARA LOS CENTROS SANITARIOS INTEGRADOS EN LA CENTRAL PROVINCIAL DE COMPRAS DE HUELVA.	and_pliego_prescripciones_304521.pdf	Andalucía	2025-07-04	cementado, vastago, polietileno, ceramico, inserto, altamente, cotilo, antiluxante, cabeza, aleacion (1.0)	N/S		
ORGANIZACIÓN, DESARROLLO Y GESTIÓN DEL XVIII CONGRESO ANDALUZ VOLUNTARIADO	CONTR 2025 0000268915	Servicios	Publicada	51087.58	51087.58	2025-06-24	Consejería de Inclusión Social, Juventud, Familias e Igualdad. Secretaría General Técnica	https://www.juntadeandalucia.es/haciendayadministracionpublica/apl/pdc-front-publico/perfiles-licitaciones/detalle-licitacion?idExpediente=830134	79950000-8 Servicios de organización de exposiciones, ferias y congresos	Abierto simplificado	Electrónica	4 meses	NotFound	2100-12-31	(código NUTS) ES615 - HuelvaHuelva	NotFound	Ordinario	ORGANIZACIÓN, DESARROLLO Y GESTIÓN DEL XVIII CONGRESO ANDALUZ DEL VOLUNTARIADO	and_pliego_prescripciones_305609.pdf	Andalucía	2025-07-04	congreso, persona, evento, empresa, tecnico, servicio, asistente, organizacion, ponent, sgfivgd (1.0)	Tecnológica	datos, redes	infraestructura, mobiliario, inclusion_social, seguro, poliza
AM de suministro de licencias comerciales de productos sofware	CONTR 2025 0000259685	Suministros	Publicada	0.0	6492338.91	2025-07-28	Agencia Digital de Andalucía	https://www.juntadeandalucia.es/haciendayadministracionpublica/apl/pdc-front-publico/perfiles-licitaciones/detalle-licitacion?idExpediente=831941	48920000-3 Paquetes de software ofimático	Abierto	Electrónica	Ver lotes	NotFound	2100-12-31	(código NUTS) ES618 - SevillaSevilla	Acuerdo marco	Ordinario	el suministro de licencias comerciales de los productos de software que se relacionan en el Anexo I al pliego de prescripciones técnicas de este pliego.	and_pliego_prescripciones_310287.pdf	Andalucía	2025-07-04	producto, licencia, ano, anual, suscripcion, jimenez, unidad, verificacion, total, contrato (1.0)	Tecnológica	software, datos, servidores, cloud, automatizacion	infraestructura, seguro, obra_civil
59/ISE/2025/MA COMEDOR ESCOLAR EN LA RESIDENCIA ESCOLAR ANDALUCÍA MALAGA	CONTR 2025 0000295196	Servicios	Publicada	1300198.1	2860435.82	2025-06-23	Agencia Pública Andaluza de Educación	https://www.juntadeandalucia.es/haciendayadministracionpublica/apl/pdc-front-publico/perfiles-licitaciones/detalle-licitacion?idExpediente=815537	55523100-3 Servicios de comidas para escuelas	Abierto	Electrónica	24 meses	NotFound	2100-12-31	(código NUTS) ES617 - MálagaMálaga	NotFound	Ordinario	SERVICIO DE COMEDOR ESCOLAR EN LA RESIDENCIA ESCOLAR ANDALUCÍA DE LA PROVINCIA DE MÁLAGA DEPENDIENTE DE LA CONSEJERÍA DE DESARROLLO EDUCATIVO Y FORMACIÓN PROFESIONAL.	and_pliego_prescripciones_298484.pdf	Andalucía	2025-07-04	servicio, plato, agencia, escolar, menu, publicar, comedor, educativo, formacion, alimento (1.0)	Tecnológica	tecnologia	reparacion, infraestructura, limpieza, desinfeccion, pan, comida, cafeteria, alimentacion, menu_escolar, mobiliario, vestuario, guarderia, seguro
0000404/2025 SUMINISTRO DE TRACTO SUCESIVO Y POR PRECIO UNITARIO MEDIANTE ACUERDO MARCO DE MATERIAL SANITARIO FUNGIBLE DE JERINGAS PARA USO MANUAL CON DESTINO A LOS CENTROS SANITARIOS DE LA PROVINCIA DE MÁLAGA, PERTENECIENTES AL SERVICIO ANDALUZ DE SALUD.	CONTR 2025 0000392159	Suministros	Publicada	327553.1	1048169.92	2025-07-10	Servicio Andaluz de Salud	https://www.juntadeandalucia.es/haciendayadministracionpublica/apl/pdc-front-publico/perfiles-licitaciones/detalle-licitacion?idExpediente=821858	33141000-0 Productos consumibles médicos no químicos desechables y productos consumibles hematológicos	Abierto	Electrónica	Ver lotes	NotFound	2100-12-31	(código NUTS) ES617 - MálagaMálaga	Acuerdo marco	Ordinario	SUMINISTRO DE TRACTO SUCESIVO Y POR PRECIO UNITARIO MEDIANTE ACUERDO MARCO DE MATERIAL SANITARIO FUNGIBLE DE JERINGAS PARA USO MANUAL CON DESTINO A LOS CENTROS SANITARIOS DE LA PROVINCIA DE MÁLAGA, PERTENECIENTES AL SERVICIO ANDALUZ DE SALUD.	and_pliego_prescripciones_302168.pdf	Andalucía	2025-07-04	producto, servicio, salud, tecnico, objeto, andaluz, contrato, catalogo, centro, presente (1.0)	N/S		
Renovación 5 licencias herramienta Canva versión pro para diseños gráficos	2025/049	Suministros	Publicada	2500.0	2500.0	2025-07-09	Fundación Pública Andaluza Andalucía Emprende (en transición)	https://www.juntadeandalucia.es/haciendayadministracionpublica/apl/pdc-front-publico/perfiles-licitaciones/detalle-licitacion?idExpediente=831680	48218000-9 Paquetes de software de gestión de licencias	Abierto simplificado abreviado	Electrónica	36 meses	NotFound	2100-12-31	(código NUTS) ES618 - SevillaSevilla	NotFound	Ordinario	Renovación 5 licencias herramienta Canva versión pro para diseños gráficos	and_pliego_prescripciones_310078.pdf	Andalucía	2025-07-04	andalucia, emprender, documento, dato, codigo, acceso, contrato, verificacion, gestion, licencia (1.0)	Tecnológica	software, tecnologia, nube	
CCA +6.IP6T5A6 SUMINISTRO DE MATERIAL DESINFECTANTE, DETERGENTES SANITARIOS, SOLUCIONES PARA HIGIENE DE MANOS  Y OTROS LÍQUIDOS CON DISPONIBILIDAD DE USO DE SOPORTES PARA DISPENSADORES, CON DESTINO A CENTROS DE LA PROVINCIA DE CÁDIZ, PERTENECIENTES AL SERVICIO ANDALUZ DE SALUD SIGLO 0000058/2025	CONTR 2025 0000286263	Suministros	Publicada	1404472.68	4213418.04	2025-07-09	Servicio Andaluz de Salud	https://www.juntadeandalucia.es/haciendayadministracionpublica/apl/pdc-front-publico/perfiles-licitaciones/detalle-licitacion?idExpediente=821623	24300000-7 Productos químicos inorgánicos y orgánicos básicos24315300-8 Peróxido de hidrógeno24323220-2 Ácido peracético24455000-8 Desinfectantes39831200-8 Detergentes	Abierto	Electrónica	Ver lotes	NotFound	2100-12-31	(código NUTS) ES612 - CádizCádiz	NotFound	Ordinario	CCA +6.IP6T5A6 SUMINISTRO DE MATERIAL DESINFECTANTE, DETERGENTES SANITARIOS, SOLUCIONES PARA HIGIENE DE MANOS  Y OTROS LÍQUIDOS CON DISPONIBILIDAD DE USO DE SOPORTES PARA DISPENSADORES, CON DESTINO A CENTROS DE LA PROVINCIA DE CÁDIZ, PERTENECIENTES AL SERVICIO ANDALUZ DE SALUD SIGLO 0000058/2025	and_pliego_prescripciones_301699.pdf	Andalucía	2025-07-04	unidad, unear, uneen, tiempo, ensayado, producto, microorganismo, sanitario, caracteristica, certificado (1.0)	No tecnológica		limpieza, desinfeccion
CONTRATO DE SUMINISTRO, IMPLANTACIÓN Y MANTENIMIENTO DE UNA PLATAFORMA DE ADMINISTRACIÓN ELECTRÓNICA POR PROCEDIMIENTO ABIERTO SIMPLIFICADO	CONTR 2025 116 FPAPTS	Suministros	Publicada	48000.0	57600.0	2025-07-16	Fundación Pública Andaluza Parque Tecnológico de Ciencias de la Salud de Granada	https://www.juntadeandalucia.es/haciendayadministracionpublica/apl/pdc-front-publico/perfiles-licitaciones/detalle-licitacion?idExpediente=832595	48000000-8 Paquetes de software y sistemas de información50324100-3 Servicios de mantenimiento de sistemas	Abierto simplificado	Electrónica	4 años	NotFound	2100-12-31	(código NUTS) ES614 - GranadaGranada	NotFound	Ordinario	CONTRATO DE SUMINISTRO, IMPLANTACIÓN Y MANTENIMIENTO DE UNA PLATAFORMA DE ADMINISTRACIÓN ELECTRÓNICA POR PROCEDIMIENTO ABIERTO SIMPLIFICADO	and_pliego_prescripciones_312344.pdf	Andalucía	2025-07-04	servicio, electronico, plataforma, seguridad, administracion, documento, registro, sistema, firma, informacion (1.0)	Tecnológica	software, tecnologia, datos, nube, ciberseguridad	reparacion, infraestructura, seguro
00077/ISE/2025/CA TRANSPORTE ESCOLAR CADIZ HASTA 9 PLAZAS FE	CONTR 2025 0000388511	Servicios	Publicada	31819.28	38183.14	2025-06-27	Agencia Pública Andaluza de Educación	https://www.juntadeandalucia.es/haciendayadministracionpublica/apl/pdc-front-publico/perfiles-licitaciones/detalle-licitacion?idExpediente=830778	60120000-5 Servicios de taxi60130000-8 Servicios especiales de transporte de pasajeros por carretera60171000-7 Alquiler de automóviles de pasajeros con conductor	Abierto simplificado abreviado	Electrónica	12 meses	NotFound	2100-12-31	(código NUTS) ES612 - CádizCádiz	NotFound	Ordinario	11603610 CDPEE ANGEL DE LA GUARDA (AFANAS SAN FERNANDO) - ALCALÁ DE LOS GAZULES. SERVICIO DE TRANSPORTE ESCOLAR EN LOS CENTROS DOCENTES PUBLICOS DEPENDIENTES DE LA CONSEJERÍA DE EDUCACIÓN Y FORMACIÓN PROFESIONAL, CON ORIGEN EN FINANCIACIÓN EN FONDOS EUROP	and_pliego_prescripciones_307576.pdf	Andalucía	2025-07-04	transporte, vehiculo, servicio, escolar, contrato, centro, trayecto, adjudicatario, educacion, decreto (1.0)	No tecnológica		reparacion, limpieza, desinfeccion, transporte_escolar, vehiculos, seguro, poliza
Servicios de organización y ejecución de evento multiplicador y reunión de socios dentro del proyecto Europeo Erasmus + (RE-FEM)	2025/053	Servicios	Publicada	7107.44	7107.44	2025-07-15	Fundación Pública Andaluza Andalucía Emprende (en transición)	https://www.juntadeandalucia.es/haciendayadministracionpublica/apl/pdc-front-publico/perfiles-licitaciones/detalle-licitacion?idExpediente=832353	79952000-2 Servicios de eventos	Abierto simplificado	Electrónica	75 días	NotFound	2100-12-31	(código NUTS) ES618 - SevillaSevilla	NotFound	Ordinario	Servicios de organización y ejecución de evento multiplicador y reunión de socios dentro del proyecto Europeo Erasmus + (RE-FEM)	and_pliego_prescripciones_312270.pdf	Andalucía	2025-07-04	andalucia, emprender, deber, servicio, codigo, persona, documento, verificacion, evento, proyecto (1.0)	No tecnológica		pan, comida, catering, mobiliario
0000374/2025 ACUERDO MARCO CON UNA ÚNICA EMPRESA, PARA EL SUMINISTRO DE TRACTO SUCESIVO Y PRECIO UNITARIO, DE MATERIAL FUNGIBLE DE INFUSIÓN PARENTERAL POR BOMBA Y SISTEMAS DE INFUSIÓN DE CITOSTÁTICOS, CON DISPONIBILIDAD DE USO DEL EQUIPAMIENTO NECESARIO PARA LA UTILIZACIÓN DEL MATERIAL, PERTENECIENTE A LOS SUBGRUPOS SU.PC.SANI.01.05 Y SU.PC.SANI.01.25, PARA LOS CENTROS INTEGRANTES DE LA CENTRAL PROVINCIAL DE COMPRAS DE ALMERÍA, MEDIANTE PROCEDIMIENTO ABIERTO. SUJETO A REGULACIÓN ARMONIZADA.	CONTR 2025 0000398730	Suministros	Publicada	1983917.71	4364618.97	2025-07-08	Servicio Andaluz de Salud	https://www.juntadeandalucia.es/haciendayadministracionpublica/apl/pdc-front-publico/perfiles-licitaciones/detalle-licitacion?idExpediente=829594	33141000-0 Productos consumibles médicos no químicos desechables y productos consumibles hematológicos33194210-1 Instrumentos y aparatos para transfusión sanguínea	Abierto	Electrónica	Ver lotes	NotFound	2100-12-31	(código NUTS) ES611 - AlmeríaAlmería	Acuerdo marco	Ordinario	ACUERDO MARCO CON UNA ÚNICA EMPRESA, PARA EL SUMINISTRO DE TRACTO SUCESIVO Y PRECIO UNITARIO, DE MATERIAL FUNGIBLE DE INFUSIÓN PARENTERAL POR BOMBA Y SISTEMAS DE INFUSIÓN DE CITOSTÁTICOS, CON DISPONIBILIDAD DE USO DEL EQUIPAMIENTO NECESARIO PARA LA UTILIZACIÓN DEL MATERIAL, PERTENECIENTE A LOS SUBGRUPOS SU.PC.SANI.01.05 Y SU.PC.SANI.01.25, PARA LOS CENTROS INTEGRANTES DE LA CENTRAL PROVINCIAL DE COMPRAS DE ALMERÍA, MEDIANTE PROCEDIMIENTO ABIERTO. SUJETO A REGULACIÓN ARMONIZADA.	and_pliego_prescripciones_304022.pdf	Andalucía	2025-07-04	Sin tema	N/S		
Servicio mantenim y gestion alarmas,e instalac dispositivos adicionales 5CT	CONTR 2025 0000269014	Servicios	Publicada	12702.22	57281.62	2025-07-07	Agencia de Servicios Sociales y Dependencia de Andalucía	https://www.juntadeandalucia.es/haciendayadministracionpublica/apl/pdc-front-publico/perfiles-licitaciones/detalle-licitacion?idExpediente=831853	79710000-4 Servicios de seguridad	Abierto simplificado abreviado	Electrónica	12 meses	NotFound	2100-12-31	(código NUTS) ES61 - AndalucíaMálagaSevillaCádizHuelva	NotFound	Ordinario	SERVICIO DE MANTENIMIENTO Y GESTIÓN DE ALARMAS, INCLUIDA INSTALACIÓN DE DISPOSITIVOS ADICIONALES PARA LOS EDIFICIOS SEDES DE 5 COMUNIDADES TERAPÉUTICAS	and_pliego_prescripciones_309990.pdf	Andalucía	2025-07-04	servicio, alarma, contrato, sistema, seguridad, mantenimiento, instalacion, agencia, dispositivo, entidad (1.0)	Tecnológica	tecnologia, datos	rehabilitacion, reparacion, infraestructura, limpieza, seguro
0000303/2025 ACUERDO MARCO CON UNA ÚNICA EMPRESA, POR AGRUPACIONES DE LOTES, POR EL QUE SE FIJAN LAS CONDICIONES PARA EL SUMINISTRO DE TRACTO SUCESIVO DE REACTIVOS, CON DISPONIBILIDAD DE USO DEL EQUIPAMIENTO PRINCIPAL Y AUXILIAR, ASÍ COMO SU MANTENIMIENTO, NECESARIO PARA LA REALIZACIÓN DE LAS DETERMINACIONES ANALÍTICAS EN LOS LABORATORIOS CLÍNICOS DE LOS CENTROS SANITARIOS QUE INTEGRAN LA CENTRAL PROVINCIAL DE COMPRAS DE ALMERÍA	CONTR 2025 0000378669	Suministros	Publicada	37212658.67	59540253.87	2025-07-08	Servicio Andaluz de Salud	https://www.juntadeandalucia.es/haciendayadministracionpublica/apl/pdc-front-publico/perfiles-licitaciones/detalle-licitacion?idExpediente=816333	33696500-0 Reactivos de laboratorio	Abierto	Electrónica	Ver lotes	NotFound	2100-12-31	(código NUTS) ES611 - AlmeríaAlmería	Acuerdo marco	Ordinario	ACUERDO MARCO CON UNA ÚNICA EMPRESA, POR AGRUPACIONES DE LOTES, POR EL QUE SE FIJAN LAS CONDICIONES PARA EL SUMINISTRO DE TRACTO SUCESIVO DE REACTIVOS, CON DISPONIBILIDAD DE USO DEL EQUIPAMIENTO PRINCIPAL Y AUXILIAR, ASÍ COMO SU MANTENIMIENTO, NECESARIO PARA LA REALIZACIÓN DE LAS DETERMINACIONES ANALÍTICAS EN LOS LABORATORIOS CLÍNICOS DE LOS CENTROS SANITARIOS QUE INTEGRAN LA CENTRAL PROVINCIAL DE COMPRAS DE ALMERÍA	and_pliego_prescripciones_311451.pdf	Andalucía	2025-07-04	medio, cultiv, virus, placaagar, cromogenico, hepatitis, cuantificaciongc, acido, inmunoglobulín, placa (1.0)	N/S		
00120/ISE/2025/AL- CONTRATACIÓN DEL SERVICIO TRANSPORTE ESCOLAR EN ALMERIA	CONTR 2025 0000397339	Servicios	Publicada	7753.14	9303.77	2025-06-27	Agencia Pública Andaluza de Educación	https://www.juntadeandalucia.es/haciendayadministracionpublica/apl/pdc-front-publico/perfiles-licitaciones/detalle-licitacion?idExpediente=830803	60130000-8 Servicios especiales de transporte de pasajeros por carretera	Abierto simplificado abreviado	Electrónica	3 meses	NotFound	2100-12-31	(código NUTS) ES611 - AlmeríaAlmería	NotFound	Ordinario	00120/ISE/2025/AL- CONTRATACIÓN DEL SERVICIO TRANSPORTE ESCOLAR EN LOS CENTROS DOCENTES PÚBLICOS DE LA PROVINCIA DE ALMERIA DEPENDIENTES DE LA CONSEJERÍA DE DESARROLLO EDUCATIVO Y FORMACIÓN PROFESIONAL DE LA JUNTA DE ANDALUCÍA CON ORIGEN DE FINANCIACIÓN E	and_pliego_prescripciones_307394.pdf	Andalucía	2025-07-04	transporte, servicio, vehiculo, escolar, centro, educacion, contrato, decreto, agencia, contratacion (1.0)	Tecnológica	datos	limpieza, desinfeccion, transporte_escolar, seguro, poliza
00117/ISE/2025/AL- CONTRATACIÓN DEL SERVICIO TRANSPORTE ESCOLAR EN ALMERA	CONTR 2025 0000397324	Servicios	Publicada	5876.28	7051.54	2025-06-27	Agencia Pública Andaluza de Educación	https://www.juntadeandalucia.es/haciendayadministracionpublica/apl/pdc-front-publico/perfiles-licitaciones/detalle-licitacion?idExpediente=830797	60130000-8 Servicios especiales de transporte de pasajeros por carretera	Abierto simplificado abreviado	Electrónica	3 meses	NotFound	2100-12-31	(código NUTS) ES611 - AlmeríaAlmería	NotFound	Ordinario	00117/ISE/2025/AL- CONTRATACIÓN DEL SERVICIO TRANSPORTE ESCOLAR EN LOS CENTROS DOCENTES PÚBLICOS DE LA PROVINCIA DE ALMERIA DEPENDIENTES DE LA CONSEJERÍA DE DESARROLLO EDUCATIVO Y FORMACIÓN PROFESIONAL DE LA JUNTA DE ANDALUCÍA CON ORIGEN DE FINANCIACIÓN E	and_pliego_prescripciones_307376.pdf	Andalucía	2025-07-04	transporte, servicio, vehiculo, escolar, centro, educacion, contrato, decreto, agencia, contratacion (1.0)	Tecnológica	datos	limpieza, desinfeccion, transporte_escolar, seguro, poliza
00111/ISE/2025/AL- CONTRATACIÓN DEL SERVICIO TRANSPORTE ESCOLAR EN ALMERIA	CONTR 2025 0000392494	Servicios	Publicada	8063.22	9675.86	2025-06-27	Agencia Pública Andaluza de Educación	https://www.juntadeandalucia.es/haciendayadministracionpublica/apl/pdc-front-publico/perfiles-licitaciones/detalle-licitacion?idExpediente=830789	60130000-8 Servicios especiales de transporte de pasajeros por carretera	Abierto simplificado abreviado	Electrónica	3 meses	NotFound	2100-12-31	(código NUTS) ES611 - AlmeríaAlmería	NotFound	Ordinario	00111/ISE/2025/AL- CONTRATACIÓN DEL SERVICIO TRANSPORTE ESCOLAR EN LOS CENTROS DOCENTES PÚBLICOS DE LA PROVINCIA DE ALMERIA DEPENDIENTES DE LA CONSEJERÍA DE DESARROLLO EDUCATIVO Y FORMACIÓN PROFESIONAL DE LA JUNTA DE ANDALUCÍA CON ORIGEN DE FINANCIACIÓN E	and_pliego_prescripciones_307368.pdf	Andalucía	2025-07-04	transporte, servicio, vehiculo, escolar, centro, educacion, contrato, decreto, agencia, contratacion (1.0)	Tecnológica	datos	limpieza, desinfeccion, transporte_escolar, seguro, poliza
LIMPIEZA Y ACONDICIONAMIENTO DEL CENTRO DE COORDINACIÓN DE EMERGENCIAS 112	CONTR 2025 0000341467	Servicios	Publicada	59783.81	59783.81	2025-06-25	Agencia de Seguridad y Gestión Integral de Emergencias de Andalucía (ASEMA)	https://www.juntadeandalucia.es/haciendayadministracionpublica/apl/pdc-front-publico/perfiles-licitaciones/detalle-licitacion?idExpediente=830362	90919200-4 Servicios de limpieza de oficinas	Abierto simplificado abreviado	Electrónica	4 meses	NotFound	2100-12-31	(código NUTS) ES618 - SevillaSevilla	NotFound	Ordinario	LIMPIEZA Y ACONDICIONAMIENTO DEL CENTRO DE COORDINACIÓN DE EMERGENCIAS 112 ANDALUCÍA, SEDE SEVILLA	and_pliego_prescripciones_306155.pdf	Andalucía	2025-07-04	limpieza, servicio, empresa, adjudicatario, personal, trabajo, necesario, producto, contrato, pliego (1.0)	Tecnológica	tecnologia	reparacion, limpieza, jardineria, desratizacion, fumigacion, desinfeccion, desinsectacion, mobiliario, vestuario, seguro
00069/ISE/2025/AL CONTRATACIÓN DEL SERVICIO TRANSPORTE ESCOLAR ALMERIA	CONTR 2025 0000392166	Servicios	Publicada	38012.58	45615.1	2025-06-27	Agencia Pública Andaluza de Educación	https://www.juntadeandalucia.es/haciendayadministracionpublica/apl/pdc-front-publico/perfiles-licitaciones/detalle-licitacion?idExpediente=830779	60130000-8 Servicios especiales de transporte de pasajeros por carretera	Abierto simplificado abreviado	Electrónica	3 meses	NotFound	2100-12-31	(código NUTS) ES611 - AlmeríaAlmería	NotFound	Ordinario	00069/ISE/2025/AL CONTRATACIÓN DEL SERVICIO TRANSPORTE ESCOLAR EN LOS CENTROS DOCENTES PÚBLICOS DE LA PROVINCIA DE ALMERIA DEPENDIENTES DE LA CONSEJERÍA DE DESARROLLO EDUCATIVO Y FORMACIÓN PROFESIONAL DE LA JUNTA DE ANDALUCÍA CON ORIGEN DE FINANCIACIÓN EN	and_pliego_prescripciones_307345.pdf	Andalucía	2025-07-04	transporte, servicio, vehiculo, escolar, centro, educacion, contrato, decreto, agencia, contratacion (1.0)	Tecnológica	datos	limpieza, desinfeccion, transporte_escolar, seguro, poliza
Sum.Suscripciones de uso Lic.ERP SAP, Opentext, Whitestone y Red Hat	CONTR 2025 0000252717	Suministros	Publicada	455998.73	455998.73	2025-07-23	Agencia de Servicios Sociales y Dependencia de Andalucía	https://www.juntadeandalucia.es/haciendayadministracionpublica/apl/pdc-front-publico/perfiles-licitaciones/detalle-licitacion?idExpediente=832059	72267100-0 Mantenimiento de software de tecnología de la información	Abierto	Electrónica	Ver lotes	NotFound	2100-12-31	(código NUTS) ES618 - SevillaSevilla	NotFound	Ordinario	Sum.Suscipciones de uso Lic.ERP SAP, Opentext, Whitestone y Red Hat	and_pliego_prescripciones_310694.pdf	Andalucía	2025-07-04	servicio, sap, agencia, dato, sistema, licencia, gestion, informacion, soporte, adjudicatario (1.0)	Tecnológica	software, erp, crm, tecnologia, datos, automatizacion	infraestructura, inclusion_social, seguro
P.B. Y  ESS OBRAS CONSERVACION Y MANTENIMIENTO 12 BLQ-70VP CUEVAS ALMANZORA	CONTR 2025 0000425554	Servicios	Publicada	40000.0	40000.0	2025-07-07	Agencia de Vivienda y Rehabilitación de Andalucía (AVRA)	https://www.juntadeandalucia.es/haciendayadministracionpublica/apl/pdc-front-publico/perfiles-licitaciones/detalle-licitacion?idExpediente=831644	71240000-2 Servicios de arquitectura, ingeniería y planificación	Abierto simplificado	Electrónica	2 meses	NotFound	2100-12-31	(código NUTS) ES611 - AlmeríaAlmería	NotFound	Ordinario	REDACCIÓN DE PROYECTO BÁSICO Y DE EJECUCIÓN Y ESTUDIO DE SEGURIDAD Y SALUD, PARA OBRAS DE CONSERVACIÓN Y MANTENIMIENTO EN 12 BLOQUES DE 70 VIVIENDAS SITOS EN C/ SRA. VIRGEN DEL CARMEN DEL GRUPO ¿EL REALENGO I¿ AL-0913 EN CUEVAS DEL ALMANZORA (ALMERÍA).	and_pliego_prescripciones_309456.pdf	Andalucía	2025-07-04	proyecto, obra, ejecucion, estudio, seguridad, basico, vivienda, redaccion, contrato, edificio (1.0)	No tecnológica		obras, rehabilitacion, infraestructura, mobiliario, fotovoltaica
MTO. Y ASISTENCIA DE LAS INSTA. DE DETECCIÓN DE INCENDIOS EN CFE LINARES	CONTR 2025 0000286254	Servicios	Publicada	3462.31	10386.93	2025-07-14	Delegación Territorial de Empleo, Empresa y Trabajo Autónomo en Jaén	https://www.juntadeandalucia.es/haciendayadministracionpublica/apl/pdc-front-publico/perfiles-licitaciones/detalle-licitacion?idExpediente=832589	50413200-5 Servicios de reparación y mantenimiento de instalaciones contra incendios	Abierto simplificado abreviado	Electrónica	12 meses	NotFound	2100-12-31	(código NUTS) ES616 - JaénJaén	NotFound	Ordinario	MANTENIMIENTO Y ASISTENCIA DE LAS INSTALACIONES DE DETECCIÓN DE INCENDIOS Y SUS MEDIOS DE EXTINCIÓN EN LA SEDE DEL CENTRO DE FORMACIÓN PARA EL EMPLEO EN LINARES	and_pliego_prescripciones_312324.pdf	Andalucía	2025-07-04	empresa, uni, contrato, sistema, valle, incendio, proteccion, adjudicatario, mantenimiento, trabajo (1.0)	No tecnológica		reparacion, limpieza, bar, seguro, poliza
00094/ISE/2025/AL- CONTRATACIÓN DEL SERVICIO TRANSPORTE ESCOLAR EN ALMERIA	CONTR 2025 0000392409	Servicios	Publicada	14920.2	17904.24	2025-06-27	Agencia Pública Andaluza de Educación	https://www.juntadeandalucia.es/haciendayadministracionpublica/apl/pdc-front-publico/perfiles-licitaciones/detalle-licitacion?idExpediente=830794	60130000-8 Servicios especiales de transporte de pasajeros por carretera	Abierto simplificado abreviado	Electrónica	3 meses	NotFound	2100-12-31	(código NUTS) ES611 - AlmeríaAlmería	NotFound	Ordinario	00094/ISE/2025/AL- CONTRATACIÓN DEL SERVICIO TRANSPORTE ESCOLAR EN LOS CENTROS DOCENTES PÚBLICOS DE LA PROVINCIA DE ALMERIA DEPENDIENTES DE LA CONSEJERÍA DE DESARROLLO EDUCATIVO Y FORMACIÓN PROFESIONAL DE LA JUNTA DE ANDALUCÍA CON ORIGEN DE FINANCIACIÓN E	and_pliego_prescripciones_307445.pdf	Andalucía	2025-07-04	transporte, servicio, vehiculo, escolar, centro, educacion, contrato, decreto, agencia, adjudicatario (1.0)	Tecnológica	datos	limpieza, desinfeccion, transporte_escolar, seguro, poliza
00098/ISE/2025/AL- CONTRATACIÓN DEL SERVICIO TRANSPORTE ESCOLAR EN ALMERIA	CONTR 2025 0000392434	Servicios	Publicada	7753.14	9303.77	2025-06-27	Agencia Pública Andaluza de Educación	https://www.juntadeandalucia.es/haciendayadministracionpublica/apl/pdc-front-publico/perfiles-licitaciones/detalle-licitacion?idExpediente=830812	60130000-8 Servicios especiales de transporte de pasajeros por carretera	Abierto simplificado abreviado	Electrónica	3 meses	NotFound	2100-12-31	(código NUTS) ES611 - AlmeríaAlmería	NotFound	Ordinario	00098/ISE/2025/AL- CONTRATACIÓN DEL SERVICIO TRANSPORTE ESCOLAR EN LOS CENTROS DOCENTES PÚBLICOS DE LA PROVINCIA DE ALMERIA DEPENDIENTES DE LA CONSEJERÍA DE DESARROLLO EDUCATIVO Y FORMACIÓN PROFESIONAL DE LA JUNTA DE ANDALUCÍA CON ORIGEN DE FINANCIACIÓN E	and_pliego_prescripciones_307435.pdf	Andalucía	2025-07-04	transporte, servicio, vehiculo, escolar, centro, educacion, contrato, decreto, agencia, adjudicatario (1.0)	Tecnológica	datos	limpieza, desinfeccion, transporte_escolar, seguro, poliza
ACTOS DE ENTREGA DE PREMIOS ANUALES Y CONGRESO ANDALUZ BUENAS PRÁCTICAS	CONTR 2024 0001025450	Servicios	Publicada	174979.34	310847.48	2025-07-08	Consejería de Desarrollo Educativo y Formación Profesional. Secretaría General Técnica	https://www.juntadeandalucia.es/haciendayadministracionpublica/apl/pdc-front-publico/perfiles-licitaciones/detalle-licitacion?idExpediente=831475	79950000-8 Servicios de organización de exposiciones, ferias y congresos79952000-2 Servicios de eventos	Abierto	Electrónica	Ver lotes	NotFound	2100-12-31	(código NUTS) ES61 - AndalucíaHuelvaGranadaCórdobaSevillaCádizMálagaAlmería	NotFound	Ordinario	SERVICIOS ACTOS DE ENTREGA DE PREMIOS ANUALES Y CONGRESO ANDALUZ BUENAS PRÁCTICAS	and_pliego_prescripciones_309152.pdf	Andalucía	2025-07-04	educativo, acto, desarrollo, premio, empresa, persona, direccion, consejerio, participacion, profesional (1.0)	Tecnológica	software, datos	catering, mobiliario, seguro
00085/ISE/2025/AL- CONTRATACIÓN DEL SERVICIO TRANSPORTE ESCOLAR EN ALMERIA	CONTR 2025 0000392368	Servicios	Publicada	12775.98	15331.18	2025-06-27	Agencia Pública Andaluza de Educación	https://www.juntadeandalucia.es/haciendayadministracionpublica/apl/pdc-front-publico/perfiles-licitaciones/detalle-licitacion?idExpediente=830816	60130000-8 Servicios especiales de transporte de pasajeros por carretera	Abierto simplificado abreviado	Electrónica	3 meses	NotFound	2100-12-31	(código NUTS) ES611 - AlmeríaAlmería	NotFound	Ordinario	00085/ISE/2025/AL- CONTRATACIÓN DEL SERVICIO TRANSPORTE ESCOLAR EN LOS CENTROS DOCENTES PÚBLICOS DE LA PROVINCIA DE ALMERIA DEPENDIENTES DE LA CONSEJERÍA DE DESARROLLO EDUCATIVO Y FORMACIÓN PROFESIONAL DE LA JUNTA DE ANDALUCÍA CON ORIGEN DE FINANCIACIÓN E	and_pliego_prescripciones_307439.pdf	Andalucía	2025-07-04	transporte, servicio, vehiculo, escolar, centro, educacion, contrato, decreto, agencia, adjudicatario (1.0)	Tecnológica	datos	limpieza, desinfeccion, transporte_escolar, seguro, poliza
Instalación de un ascensor en la Casa do Concello de Camariñas	2025/C003/000002	"Obras
Construcción"	Publicada	60693.2	60693.2	2025-07-15	Junta de Gobierno Local del Ayuntamiento de Camariñas	https://contrataciondelestado.es/wps/poc?uri=deeplink:detalle_licitacion&idEvl=jyjGJ0T8sumIzo3LHNPGcQ%3D%3D	45213150-Trabajos de construcción de edificios de oficinas., 42416100-Ascensores., 45311000-Trabajos de instalación de cableado y accesorios eléctricos., 45313100-Instalación de ascensores.	Abierto simplificado	Electrónica	NotFound	No hay financiación con fondos de la UE	2100-12-31	España - A Coruña - Camariñas	No aplica	Ordinaria	Instalación de un ascensor en la Casa do Concello de Camariñas	NotFound	España	2025-07-04	Sin tema	N/S		
El objeto del presente contrato es la prestación del servicio de mantenimiento del software de gestión de cementerios Thanatos	2945/2024 Mantenimiento software	"Servicios
Otros servicios"	Publicada	1960.0	2450.0	2025-07-11	Junta de Gobierno del Ayuntamiento de Monforte del Cid	https://contrataciondelestado.es/wps/poc?uri=deeplink:detalle_licitacion&idEvl=pZT%2BNScnovgUqXM96WStVA%3D%3D	50324100-Servicios de mantenimiento de sistemas., 48612000-Sistema de gestión de base de datos.	Negociado sin publicidad	Electrónica	NotFound	No hay financiación con fondos de la UE	2100-12-31	España - Alicante/Alacant	No aplica	Ordinaria	El objeto del presente contrato es la prestación del servicio de mantenimiento del software de gestión de cementerios Thanatos	NotFound	España	2025-07-04	Sin tema	Tecnológica	software	
El objeto del presente contrato es el suministro, montaje e instalación de equipamiento técnico y tecnológico y mobiliario, así como la retirada de los bienes a los que sustituyen en caso de existir, para dotar varios centros de la Red de Atención Integral para la Violencia de Género para su transformación hacia un nuevo modelo de gestión basado en el fomento de la autonomía y el aumento de la calidad de vida de las usuarias, así como una atención centrada en la persona que permita prestar los servicios que se ofertan en los centros. La contratación que se pretende resulta necesaria para satisfacer las necesidades de equipamiento técnico y tecnológico y de mobiliario para los centros propios de la Red de Atención Integral para la Violencia de Género de la Comunidad de Madrid, a los efectos de una prestación correcta de los servicios, siendo este contrato un elemento idóneo para atender dicha finalidad.	143/2025	Suministros	Publicada	66206.63	-1.0	2025-07-09	Consejería de Familia, Juventud y Asuntos Sociales	https://contrataciondelestado.es/wps/poc?uri=deeplink:detalle_licitacion&idEvl=N75zLwC51uMkJPJS%2BPS9vg%3D%3D	30231200 Consolas., 30237420 Joysticks., 32320000 Equipo audiovisual y de televisión., 32342000 Altavoces., 38652100 Proyectores., 39113000 Asientos y sillas diversos., 39113100 Sillones., 39113200 Sofás., 39122100 Armarios., 39143100 Muebles de dormitorio., 39143110 Camas y ropa de cama y pasamanería especializada., 39143112 Colchones., 39143123 Mesillas de noche., 39143310 Mesitas bajas., 39713430 Aspiradoras., 39715240 Aparatos eléctricos de calefacción de locales., 39717100 Ventiladores., 39717200 Aparatos de aire acondicionado., 48520000 Paquetes de software multimedia.	Abierto simplificado	Electrónica	NotFound	Asociado al Plan de Recuperacion, Transformacion y Resiliencia	2100-12-31	España - Madrid	No aplica	Ordinaria	"El objeto del presente contrato es el suministro, montaje e instalación de
equipamiento técnico y tecnológico y mobiliario, así como la retirada de los bienes a los que
sustituyen en caso de existir, para dotar varios centros de la Red de Atención Integral para
la Violencia de Género para su transformación hacia un nuevo modelo de gestión basado
en el fomento de la autonomía y el aumento de la calidad de vida de las usuarias, así como
una atención centrada en la persona que permita prestar los servicios que se ofertan en los
centros.
La contratación que se pretende resulta necesaria para satisfacer las necesidades de
equipamiento técnico y tecnológico y de mobiliario para los centros propios de la Red de
Atención Integral para la Violencia de Género de la Comunidad de Madrid, a los efectos de
una prestación correcta de los servicios, siendo este contrato un elemento idóneo para
atender dicha finalidad."	esp_pliego_prescripciones_20250701_083416.pdf	España	2025-07-04	suministro, contrato, gestion, recuperacion, necesario, europeo, transformacion, instalacion, material, bién (1.0)	Tecnológica	tecnologia	reparacion, mobiliario, seguro
Suministro y montaje de unos recipientes para el fundido del sebo, para la zona de gradas del Astillero de Navantia Ferrol	5100042458 Recipiente para fundido de basekote	"Suministros
Adquisición"	Publicada	21300.0	21300.0	2025-07-11	Comité de Dirección Corporativo de Navantia S.A., S.M.E.	https://contrataciondelestado.es/wps/poc?uri=deeplink:detalle_licitacion&idEvl=hCJ6ANwiWS4mMOlAXxDEjw%3D%3D	44611600-Depósitos.	Abierto	Electrónica	NotFound	No hay financiación con fondos de la UE	2100-12-31	España - A Coruña	No aplica	Ordinaria	Suministro y montaje de unos recipientes para el fundido del sebo, para la zona de gradas del Astillero de Navantia Ferrol	esp_pliego_prescripciones_20250701_083420.pdf	España	2025-07-04	direccion, navantia, ferrol, postal, espana, eur, fundido, contrato, suministro, oferta (1.0)	N/S		
Ejecución de obras para la reparación del asfaltado de vías de Motril	OBR/ABR/CONTRATACION2025000026	"Obras
Otros acabados de edificios y obras"	Publicada	1861682.94	1861682.94	2025-07-28	Alcaldia del Ayuntamiento de Motril	https://contrataciondelestado.es/wps/poc?uri=deeplink:detalle_licitacion&idEvl=ZyqEXSaDZ%2FsaF6cS8TCh%2FA%3D%3D	45233252-Trabajos de pavimentación de calles.	Abierto	Electrónica	NotFound	No hay financiación con fondos de la UE	2100-12-31	España - Granada	No aplica	Ordinaria	Ejecución de obras para la reparación del asfaltado de vías de Motril	esp_pliego_prescripciones_20250701_083424.pdf	España	2025-07-04	motril, contrato, criterio, cantidad, calle, oferta, electronico, ejecucion, maximo, tecnico (1.0)	No tecnológica		pavimentacion, reparacion, eventos
Contratación del suministro, instalación, puesta en marcha, y mantenimiento de diverso equipamiento informático para la Sociedad Estatal Correos y Telégrafos S.A., S.M.E.	AI250010	"Suministros
Adquisición"	Publicada	5000000.0	7250000.0	2100-12-31	Consejo de Administración-Comité de Inversiones de la Sociedad Estatal Correos y Telégrafos S.A	https://contrataciondelestado.es/wps/poc?uri=deeplink:detalle_licitacion&idEvl=a%2BcQPdhxSF1q1DdmE7eaXg%3D%3D	NotFound	Restringido	Electrónica	NotFound	No hay financiación con fondos de la UE	2100-12-31	España - Madrid - Madrid	NotFound	Ordinaria	Contratación del suministro, instalación, puesta en marcha, y mantenimiento de diverso equipamiento informático para la Sociedad Estatal Correos y Telégrafos S.A., S.M.E.	esp_pliego_prescripciones_20250701_083428.pdf	España	2025-07-04	electronico, contratacion, contrato, madrid, presentacion, estatal, postal, telegrafo, sociedad, correos (1.0)	N/S		
Mantenimiento de las máquinas de manipulado de sobres y de la guillotina de la Dirección Provincial del INSS de Barcelona.	08/VC-187/25 (reg.31/25)	"Servicios
Servicios de mantenimiento y reparación"	Publicada	5415.0	11913.0	2025-07-14	INSS-Dirección provincial de Barcelona	https://contrataciondelestado.es/wps/poc?uri=deeplink:detalle_licitacion&idEvl=dX805oifb61eKgd8LfVV9g%3D%3D	50000000-Servicios de reparación y mantenimiento., 50310000-Mantenimiento y reparación de máquinas de oficina.	Abierto simplificado	Electrónica	NotFound	No hay financiación con fondos de la UE	2100-12-31	España - Barcelona - Barcelona	No aplica	Ordinaria	Mantenimiento de las máquinas de manipulado de sobres y de la guillotina de la Dirección Provincial del INSS de Barcelona.	esp_pliego_prescripciones_20250701_083432.pdf	España	2025-07-04	barcelona, mantenimiento, eur, direccion, contrato, oferta, reparacion, ejecucion, electronico, provincial (1.0)	No tecnológica		reparacion
Contracte de subministrament d’EPI i vestuari de treball per a les persones participants en els programes del Servei Impuls per l’any 2025	2025/10888M	Suministros	Publicada	53363.26	58699.58	2025-07-15	Ajuntament de Badalona	https://contrataciondelestado.es/wps/poc?uri=deeplink:detalle_licitacion&idEvl=Ew6VYhS7TSG7JOCXkOhcDg%3D%3D	18143000 Indumentaria de protección., 18222000 Indumentaria corporativa.	Otros	Electrónica	NotFound	No hay financiación con fondos de la UE	2100-12-31	España - Barcelona	No aplica	Ordinaria	Contracte de subministrament d’EPI i vestuari de treball per a les persones participants en els programes del Servei Impuls per l’any 2025	esp_pliego_prescripciones_20250701_083457.pdf	España	2025-07-04	per, amb, contracte, epi, lot, dels, document, lcsp, daquest, proteccio (1.0)	N/S		
Suministro de un posicionador para soldadura	5100043319	"Suministros
Adquisición"	Publicada	135000.0	135000.0	2025-07-17	Comité Central de Compras de Navantia S.A., S.M.E.	https://contrataciondelestado.es/wps/poc?uri=deeplink:detalle_licitacion&idEvl=NRvBT4y7Qlstm4eBPtV6eQ%3D%3D	42662000-Equipo de soldadura.	Abierto	Electrónica	NotFound	No hay financiación con fondos de la UE	2100-12-31	España - Madrid	No aplica	Ordinaria	Suministro de un posicionador para soldadura	esp_pliego_prescripciones_20250701_083501.pdf	España	2025-07-04	electronico, contrato, oferta, postal, espana, direccion, eur, ferrol, plataforma, licitacion (1.0)	N/S		
Servicio Asistencia Sanitaria en la especialidad de Neumología en el Hospital Intermutual de Levante	HIL/2025/02/063	"Servicios
Servicios sociales y de salud"	Publicada	268792.8	860136.96	2025-07-16	Gerencia del Hospital Intermutual de Levante	https://contrataciondelestado.es/wps/poc?uri=deeplink:detalle_licitacion&idEvl=%2FMCKqxxSAws2wEhQbcAqug%3D%3D	85121232-Servicios de neumología.	Abierto	Electrónica	NotFound	No hay financiación con fondos de la UE	2100-12-31	España - Valencia/València	No aplica	Urgente	Servicio Asistencia Sanitaria en la especialidad de Neumología en el Hospital Intermutual de Levante	esp_pliego_prescripciones_20250701_083505.pdf	España	2025-07-04	oferta, levante, intermutual, hospital, postal, direccion, electronico, contrato, criterio, apertura (1.0)	N/S		
licitacion prestacion de servicios que se prestan a personas mayores para la promocion de la autonomia personal y atencion a la dependencia, en el municipio de Campos del Rio	178/2025	"Servicios
Servicios sociales y de salud"	Publicada	55918.9	67661.87	2025-07-22	Alcaldía del Ayuntamiento de Campos del Río	https://contrataciondelestado.es/wps/poc?uri=deeplink:detalle_licitacion&idEvl=9hvHEYsvpY1Whbmkna2nXQ%3D%3D	75000000-Servicios de administración pública, defensa y servicios de seguridad social., 75310000-Servicios de prestaciones sociales., 85320000-Servicios sociales., 98000000-Otros servicios comunitarios, sociales o personales.	Abierto simplificado	Electrónica	NotFound	No hay financiación con fondos de la UE	2100-12-31	España - Murcia	No aplica	Ordinaria	licitacion prestacion de servicios que se prestan a personas mayores para la promocion de la autonomia personal y atencion a la dependencia, en el municipio de Campos del Rio 	esp_pliego_prescripciones_20250701_083516.pdf	España	2025-07-04	servicio, criterio, campo, rio, oferta, pliego, social, ssss, apertura, valor (1.0)	N/S		
Objecte és la contractació dels serveis de recollida d’animals domèstics de companyia abandonats i/o perduts i el manteniment de les instal·lacions del Centre d’Acollida d’Animals Domèstics de la Mancomunitat Penedès-Garraf.	1403-0447/2025	Servicios	Publicada	579358.45	1158716.92	2025-07-30	Mancomunitat Penedès - Garraf	https://contrataciondelestado.es/wps/poc?uri=deeplink:detalle_licitacion&idEvl=QQtRasGQfsp70UvEyYJSGw%3D%3D	03325000 Animales pequeños., 50000000 Servicios de reparación y mantenimiento., 98380000 Servicios de perrera.	Abierto	Electrónica	NotFound	No hay financiación con fondos de la UE	2100-12-31	España - Barcelona	No aplica	Ordinaria	Objecte és la contractació dels serveis de recollida d’animals domèstics de companyia abandonats i/o perduts i el manteniment de les instal·lacions del Centre d’Acollida d’Animals Domèstics de la Mancomunitat Penedès-Garraf.	esp_pliego_prescripciones_20250701_083541.pdf	España	2025-07-04	per, contracte, dels, amb, document, aquest, larticle, seva, servei, segons (1.0)	N/S		
Redacción del proyecto de urbanización del Centro de Coordinación de Seguridad y Emergencias (CCSE) y, en su caso, dirección facultativa y coordinación de seguridad y salud de las obras de urbanización de su primera fase.	8378_R25.2025	Servicios	Publicada	195929.0	195929.0	2025-08-11	Director del Servicio de Desarrollo de las Políticas de Seguridad.	https://contrataciondelestado.es/wps/poc?uri=deeplink:detalle_licitacion&idEvl=eWEIZgAFmmRt5r0ngvMetA%3D%3D	71240000 Servicios de arquitectura, ingeniería y planificación., 71300000 Servicios de ingeniería., 71311220 Servicios de ingeniería de caminos.	Abierto	Electrónica	NotFound	No hay financiación con fondos de la UE	2100-12-31	España - Navarra	No aplica	Ordinaria	Redacción del proyecto de urbanización del Centro de Coordinación de Seguridad y Emergencias (CCSE) y, en su caso, dirección facultativa y coordinación de seguridad y salud de las obras de urbanización de su primera fase.	NotFound	España	2025-07-04	Sin tema	No tecnológica		obras
Proyecto de la instalación de aerotermia para la piscina cubierta municipal	3063_0005 2025	Obras	Publicada	69990.74	69990.74	2025-07-16	ALCALDIA DEL AYUNTAMIENTO DE VILLAVA/ATARRABIA	https://contrataciondelestado.es/wps/poc?uri=deeplink:detalle_licitacion&idEvl=eWEIZgAFmmQ2wEhQbcAqug%3D%3D	45331000 Trabajos de instalación de calefacción, ventilación y aire acondicionado.	Abierto	Electrónica	NotFound	Asociado al Plan de Recuperacion, Transformacion y Resiliencia	2100-12-31	España - Navarra	No aplica	Ordinaria	Proyecto de la instalación de aerotermia para la piscina cubierta municipal	NotFound	España	2025-07-04	Sin tema	N/S		
Obra civil juegos infantiles de Tudela 2025	3058_122/2025/CONAD	Obras	Publicada	58740.63	64614.69	2025-07-15	JGL	https://contrataciondelestado.es/wps/poc?uri=deeplink:detalle_licitacion&idEvl=eWEIZgAFmmSzz8fXU2i3eQ%3D%3D	45200000 Trabajos generales de construcción de inmuebles y obras de ingeniería civil.	Abierto	Electrónica	NotFound	No hay financiación con fondos de la UE	2100-12-31	España - Navarra	No aplica	Ordinaria	Obra civil juegos infantiles de Tudela 2025	NotFound	España	2025-07-04	Sin tema	No tecnológica		obra_civil
Ejecución de obras de sustitución de cobertura de cubierta de Almacén Industrial La Grana	3198_3198_3198_2025-007	Obras	Publicada	66040.1	66040.1	2025-07-12	Alcaldía del Ayuntamiento de Puente la Reina/Gares	https://contrataciondelestado.es/wps/poc?uri=deeplink:detalle_licitacion&idEvl=du%2ByLOqwb%2F6P66GS%2BONYvQ%3D%3D	45223200 Obras de estructura.	Otros	Electrónica	NotFound	No hay financiación con fondos de la UE	2100-12-31	España - Navarra	No aplica	Ordinaria	Ejecución de obras de sustitución de cobertura de cubierta de Almacén Industrial La Grana	NotFound	España	2025-07-04	Sin tema	No tecnológica		obras
concesion demanial dominio publico para explotacion kiosco en area recreativa de A Rocheira, Ayuntamiento de Coristanco	2025/C006/000002	"Patrimonial
Concesión demanial"	Publicada	255.21	255.21	2025-07-10	Alcaldia del Concello de Coristanco	https://contrataciondelestado.es/wps/poc?uri=deeplink:detalle_licitacion&idEvl=9vyQp6QUS29rSd8H4b2soA%3D%3D	55330000-Servicios de cafetería., 55410000-Servicios de gestión de bares.	Abierto	Electrónica	NotFound	No hay financiación con fondos de la UE	2100-12-31	España - A Coruña - Coristanco	No aplica	Ordinaria	concesion demanial dominio publico para explotacion kiosco en area recreativa de A Rocheira, Ayuntamiento de Coristanco	esp_pliego_prescripciones_20250701_083841.pdf	España	2025-07-04	coristanco, electronico, oferta, contrato, criterio, eur, recreativo, postal, direccion, fisterra (1.0)	No tecnológica		bar
Servizo de axuda no fogar no Concello de O Pino	300/2025	"Servicios
Servicios sociales y de salud"	Publicada	636818.0	2037817.6	2025-07-28	Junta de Gobierno Local del Ayuntamiento de O Pino	https://contrataciondelestado.es/wps/poc?uri=deeplink:detalle_licitacion&idEvl=kq2BJPPz%2Bkzua%2Fi14w%2FPLA%3D%3D	85310000-Servicios de asistencia social.	Abierto	Electrónica	NotFound	No hay financiación con fondos de la UE	2100-12-31	España - A Coruña - Pino (O)	No aplica	Ordinaria	Servizo de axuda no fogar no Concello de O Pino	esp_pliego_prescripciones_20250701_083845.pdf	España	2025-07-04	pino, electronico, oferta, direccion, concello, criterio, rua, postal, contrato, pedrouzoarca (1.0)	No tecnológica		limpieza
L’objecte del present contracte consisteix en la contractació del servei que proporciona i desenvolupa accions assistencials d'informació sanitària i de mediació intercultural (pacient, sistema sanitari i personal sanitari), així com estratègies de mobilització comunitària (acompanyaments, enfortiment de la xarxa sociosanitària de suport, assessorament sobre recursos socials, sessions educatives) dirigides a les persones immigrades que arriben a Barcelona i que pateixen malalties transmissibles de declaració obligatòria. Essent, per tant, l’objectiu general millorar la prevenció i el control de les malalties de declaració obligatòria en els col·lectius d’immigrants, amb mesures de contractació pública sostenible.	014_25000020	Servicios	Publicada	339978.37	747952.41	2025-07-15	Agència de Salut Pública de Barcelona	https://contrataciondelestado.es/wps/poc?uri=deeplink:detalle_licitacion&idEvl=7zMu4%2B7Vbefs%2BnLj3vAg5A%3D%3D	98000000 Otros servicios comunitarios, sociales o personales.	Abierto	Manual y/o Electrónica	NotFound	No hay financiación con fondos de la UE	2100-12-31	España - Barcelona	No aplica	Ordinaria	L’objecte del present contracte consisteix en la contractació del servei que proporciona i desenvolupa accions assistencials d'informació sanitària i de mediació intercultural (pacient, sistema sanitari i personal sanitari), així com estratègies de mobilització comunitària (acompanyaments, enfortiment de la xarxa sociosanitària de suport, assessorament sobre recursos socials, sessions educatives) dirigides a les persones immigrades que arriben a Barcelona i que pateixen malalties transmissibles de declaració obligatòria. Essent, per tant, l’objectiu general millorar la prevenció i el control de les malalties de declaració obligatòria en els col·lectius d’immigrants, amb mesures de contractació pública sostenible.	esp_pliego_prescripciones_20250701_083910.pdf	España	2025-07-04	barcelona, total, import, salut, per, laspb, lagencia, publicar, objecte, borrell (1.0)	N/S		
L’objecte del contracte és l’adquisició d’un sistema per la determinació de nitrogen total, nitrogen inorgànic i nitrogen Kjeldhal, aquest sistema necessitarà de PC, software i els accessoris pel seu correcte funcionament, que s’inclouen en el mateix objecte contracte.	CTN2500318	Suministros	Publicada	80000.0	80000.0	2025-07-16	Agència Catalana de l'Aigua (ACA)	https://contrataciondelestado.es/wps/poc?uri=deeplink:detalle_licitacion&idEvl=7zMu4%2B7VbefzAq95uGTrDQ%3D%3D	38434560 Analizador químico.	Abierto simplificado	Electrónica	NotFound	No hay financiación con fondos de la UE	2100-12-31	España - Barcelona	No aplica	Ordinaria	L’objecte del contracte és l’adquisició d’un sistema per la determinació de nitrogen total, nitrogen inorgànic i nitrogen Kjeldhal, aquest sistema necessitarà de PC, software i els accessoris pel seu correcte funcionament, que s’inclouen en el mateix objecte contracte.	esp_pliego_prescripciones_20250701_083934.pdf	España	2025-07-04	per, nitrogen, juny, vist, particulars, plec, resolucio, sumar, contractacio, lexpedient (1.0)	N/S		
Ejecución de Pista Mutideportiva en el Parque de los Olivos. Programa de Cooperación General del Plan Más Sevilla.	P4102900J-2025/000076-PAAS	"Obras
Construcción"	Publicada	45454.54	45454.54	2025-07-21	Alcaldía del Ayuntamiento de Castilleja de la Cuesta	https://contrataciondelestado.es/wps/poc?uri=deeplink:detalle_licitacion&idEvl=smVtZQYwnGd70UvEyYJSGw%3D%3D	45000000-Trabajos de construcción.	Abierto simplificado	Electrónica	NotFound	No hay financiación con fondos de la UE	2100-12-31	España - Sevilla	No aplica	Ordinaria	Ejecución de Pista Mutideportiva en el Parque de los Olivos. Programa de Cooperación General del Plan Más Sevilla.	esp_pliego_prescripciones_20250701_083946.pdf	España	2025-07-04	criterio, mas, electronico, oferta, pliego, postal, convento, direccion, ejecucion, apertura (1.0)	N/S		
Organización y realización de talleres y actividades culturales, educativas y de tiempo libre.	412/2025	"Servicios
Servicios de esparcimiento, culturales y deportivos"	Publicada	128386.02	197714.51	2025-07-15	Alcaldía del Ayuntamiento de Yebes	https://contrataciondelestado.es/wps/poc?uri=deeplink:detalle_licitacion&idEvl=h6uDPDLOTE2S81gZFETWmA%3D%3D	92000000-Servicios de esparcimiento, culturales y deportivos., 92511000-Servicios de bibliotecas.	Abierto	Electrónica	NotFound	No hay financiación con fondos de la UE	2100-12-31	España - Guadalajara - Yebes	No aplica	Ordinaria	Organización y realización de talleres y actividades culturales, educativas y de tiempo libre.	esp_pliego_prescripciones_20250701_083950.pdf	España	2025-07-04	contrato, yebes, electronico, servicio, oferta, direccion, criterio, espana, ano, ejecucion (1.0)	N/S		
Contrato arrendamiento nave industrial 13 Manzana 2 de la Ampliación del Polígono Industrial El Blanquillo	4663/2025	"Patrimonial
Arrendamiento de inmuebles"	Publicada	21784.15	21784.15	2025-07-09	Alcaldia del Ayuntamiento de Fuente Obejuna	https://contrataciondelestado.es/wps/poc?uri=deeplink:detalle_licitacion&idEvl=zkq4uktyUV2OUi78BmzhOQ%3D%3D	70130000-Servicios de arrendamiento de bienes raíces propios.	Abierto	Electrónica	NotFound	No hay financiación con fondos de la UE	2100-12-31	España - Córdoba - Fuente Obejuna	No aplica	Urgente	Contrato arrendamiento nave industrial 13 Manzana 2 de la Ampliación del Polígono Industrial El Blanquillo 	esp_pliego_prescripciones_20250701_083954.pdf	España	2025-07-04	oferta, contrato, declaracion, fuente, responsable, obejún, electronico, licitacion, licitador, cumplimiento (1.0)	N/S		
L’objecte del contracte és el subministrament de fruites i verdures fresques, amb mesures de contractació pública sostenible, per l'Escola Bressol Municipal Patufet de Sant Quirze del Vallès, situada a la Ronda de Santa Julita núm. 67.	2025/00000002S	Suministros	Publicada	29220.68	59610.19	2025-07-15	Comu Sant Quirze del Vallès, SL	https://contrataciondelestado.es/wps/poc?uri=deeplink:detalle_licitacion&idEvl=%2B%2Fp6K%2FFjsr7%2B3JAijKO%2Bkg%3D%3D	15300000 Frutas, legumbres y hortalizas y productos conexos.	Otros	Electrónica	NotFound	No hay financiación con fondos de la UE	2100-12-31	España - Barcelona	No aplica	Ordinaria	L’objecte del contracte és el subministrament de fruites i verdures fresques, amb mesures de contractació pública sostenible, per l'Escola Bressol Municipal Patufet de Sant Quirze del Vallès, situada a la Ronda de Santa Julita núm. 67.	esp_pliego_prescripciones_20250701_084018.pdf	España	2025-07-04	temporada, mesos, unitat, unitats, per, nom, manat, licitador, contracte, poder (1.0)	N/S		
Las obras a contratar tienen por objeto, la cubrición de una pista deportiva existente en el parque situado en calle Arana 35 de Ábalos, La Rioja. La cubrición se llevará a cabo mediante estructura sencilla prefabricada de hormigón armado y cubrición con panel sándwich. Además, se aumentará ligeramente la superficie de solera existente y destinada a pista deportiva.	17/2025	"Obras
Otros acabados de edificios y obras"	Publicada	87104.81	87104.81	2025-07-16	Consejo de la Mancomunidad de Desarrollo Turístico de los Municipios de Ábalos, Briones y San Vicente de la Sonsierra	https://contrataciondelestado.es/wps/poc?uri=deeplink:detalle_licitacion&idEvl=JcEsqwM1YXoQyBAnWzHfCg%3D%3D	45223320-Trabajos de construcción de estacionamientos disuasorios., 45261000-Trabajos de construcción de cubiertas y estructuras de cerramiento, y trabajos conexos.	Abierto simplificado	Electrónica	NotFound	Asociado al Plan de Recuperación, Transformación y Resiliencia	2100-12-31	España - La Rioja - ABALOS	No aplica	Urgente	"Las obras a contratar tienen por objeto, la cubrición de una pista deportiva existente en el parque situado en calle Arana 35 de Ábalos, La Rioja. La cubrición se llevará a cabo mediante estructura sencilla prefabricada de hormigón armado y cubrición con panel sándwich. Además, se aumentará ligeramente la superficie de solera existente y destinada a pista deportiva.
"	esp_pliego_prescripciones_20250701_084022.pdf	España	2025-07-04	documentacion, administrativo, electronico, abalo, cubricion, oferta, criterio, ejecucion, cumplimiento, presentacion (1.0)	N/S		
Suministro de vehículo de caja abierta basculante con grúa- Convenio de cooperación Diputación Provincial de A Coruña-Concello de Mañón	2025/C005/1	"Suministros
Adquisición"	Publicada	80500.0	80500.0	2025-07-15	Junta de Gobierno Local del Ayuntamiento de Mañón	https://contrataciondelestado.es/wps/poc?uri=deeplink:detalle_licitacion&idEvl=AmCJIkAybnGFQ%2FlhRK79lA%3D%3D	34100000-Vehículos de motor.	Abierto simplificado	Electrónica	NotFound	No hay financiación con fondos de la UE	2100-12-31	España - A Coruña	No aplica	Ordinaria	Suministro de vehículo de caja abierta basculante con grúa- Convenio de cooperación Diputación Provincial de A Coruña-Concello de Mañón	esp_pliego_prescripciones_20250701_084026.pdf	España	2025-07-04	manon, criterio, contrato, eur, vehiculo, plazo, local, postal, abierto, espana (1.0)	N/S		
Reactivos para la detección genómica por pcr multiplex de los principales patógenos implicados en infecciones del sistema nervioso central, infecciones del tracto gastrointestinal, infecciones del torrente sanguíneo, infecciones osteoarticulares y neumonía, con cesión de equipo, en uso para el Hospital durante la vigencia del contrato	P.A.S. 46/2025 HUP	Suministros	Publicada	26400.0	105600.0	2025-07-15	Hospital Universitario de La Princesa	https://contrataciondelestado.es/wps/poc?uri=deeplink:detalle_licitacion&idEvl=YM788Ci4KXQkJPJS%2BPS9vg%3D%3D	33696500 Reactivos de laboratorio.	Abierto simplificado	Electrónica	NotFound	No hay financiación con fondos de la UE	2100-12-31	España - Madrid	No aplica	Ordinaria	Reactivos para la detección genómica por pcr multiplex de los principales patógenos implicados en infecciones del sistema nervioso central, infecciones del tracto gastrointestinal, infecciones del torrente sanguíneo, infecciones osteoarticulares y neumonía, con cesión de equipo, en uso para el Hospital durante la vigencia del contrato	esp_pliego_prescripciones_20250701_084051.pdf	España	2025-07-04	contrato, criterio, madrid, suministro, procedimiento, contratacion, articulo, clausula, clausular, plazo (1.0)	Tecnológica	datos	reparacion, inclusion_social, seguro
Contracte de serveis per a l''assistència tècnica de coordinació de seguretat i salut de les obres del projecte executiu de rehabilitació i millora de l''eficiència energètica del Castell de Cardona. Clau: APC-22273, inclòs en el Programa d’Impuls a la Rehabilitació d’Edificis Públics (PIREP), en el marc del Pla de Recuperació, Transformació i Resiliència – finançat per la UE. Next Generation EU	CSS. APC-22273	Servicios	Publicada	4001.0	4001.0	2025-07-17	Infraestructures de la Generalitat de Catalunya, SAU	https://contrataciondelestado.es/wps/poc?uri=deeplink:detalle_licitacion&idEvl=IVBTtM2O1gLpxJFXpLZ%2B2A%3D%3D	71317210 Servicios de consultoría en salud y seguridad.	Abierto simplificado	Electrónica	NotFound	Asociado al Plan de Recuperacion, Transformacion y Resiliencia	2100-12-31	España - Barcelona	No aplica	Ordinaria	Contracte de serveis per a l''assistència tècnica de coordinació de seguretat i salut de les obres del projecte executiu de rehabilitació i millora de l''eficiència energètica del Castell de Cardona. Clau: APC-22273, inclòs en el Programa d’Impuls a la Rehabilitació d’Edificis Públics (PIREP), en el marc del Pla de Recuperació, Transformació i Resiliència – finançat per la UE. Next Generation EU	esp_pliego_prescripciones_20250701_084116.pdf	España	2025-07-04	Sin tema	N/S		
Servicio de rediseño y actualización de la aplicación móvil del Teatro Real FSP	CL022/2025	"Servicios
Servicios de mantenimiento y reparación"	Publicada	90000.0	90000.0	2025-07-16	Dirección General de la Fundación del Teatro Real	https://contrataciondelestado.es/wps/poc?uri=deeplink:detalle_licitacion&idEvl=VcHgbLQ5Ywo7u6%2B%2FR7DUoA%3D%3D	72000000-Servicios TI: consultoría, desarrollo de software, Internet y apoyo.	Abierto	Electrónica	NotFound	No hay financiación con fondos de la UE	2100-12-31	España - Madrid - MADRID	No aplica	Ordinaria	Servicio de rediseño y actualización de la aplicación móvil del Teatro Real FSP	esp_pliego_prescripciones_20250701_084120.pdf	España	2025-07-04	electronico, criterio, direccion, teatro, archivo, real, oferta, madrid, plaza, fundacion (1.0)	No tecnológica		reparacion, eventos
Contratación suministro de materiales PFEA 2024. Expte. 21057241C01 (suministro de hormigón)	642H/2024	"Suministros
Adquisición"	Publicada	22325.0	22325.0	2025-07-14	Alcaldía del Ayuntamiento de Paymogo	https://contrataciondelestado.es/wps/poc?uri=deeplink:detalle_licitacion&idEvl=K0dyb2%2B892%2BLAncw3qdZkA%3D%3D	44114000-Hormigón., 44114100-Hormigón preamasado.	Abierto simplificado	Electrónica	NotFound	No hay financiación con fondos de la UE	2100-12-31	España - Huelva	No aplica	Ordinaria	"Contratación suministro de materiales PFEA 2024. Expte. 21057241C01 
(suministro de hormigón) "	esp_pliego_prescripciones_20250701_084124.pdf	España	2025-07-04	electronico, paymogo, oferta, contrato, hormigon, espana, condición, pliego, direccion, contratacion (1.0)	N/S		
Asistencia técnica a la dirección de las obras del proyecto de sustitución del puente Zubiete en Gordexola	URA/018A/2025	Servicios	Abierto / Plazo de presentación	126361.25	-1.0	2100-12-31	Gobierno Vasco	https://www.contratacion.euskadi.eus/webkpe00-kpeperfi/es/contenidos/anuncio_contratacion/expgeura207488/es_doc/index.html	NotFound	NotFound	NotFound	NotFound	NotFound	2100-12-31	NotFound	NotFound	NotFound	Asistencia técnica a la dirección de las obras del proyecto de sustitución del puente Zubiete en Gordexola	NotFound	Euskadi	2025-07-04	Sin tema	No tecnológica		obras
Asistencia técnica a la dirección de las obras del proyecto de obras de protección contra inundaciones y mejora ambiental del río estepona en bakio, mediante creación de llanuras de laminación en los ámbitos de bakea y solozarre	URA/017A/2025	Servicios	Abierto / Plazo de presentación	138.85	-1.0	2100-12-31	Gobierno Vasco	https://www.contratacion.euskadi.eus/webkpe00-kpeperfi/es/contenidos/anuncio_contratacion/expgeura207484/es_doc/index.html	NotFound	NotFound	NotFound	NotFound	NotFound	2100-12-31	NotFound	NotFound	NotFound	Asistencia técnica a la dirección de las obras del proyecto de obras de protección contra inundaciones y mejora ambiental del río estepona en bakio, mediante creación de llanuras de laminación en los ámbitos de bakea y solozarre	NotFound	Euskadi	2025-07-04	Sin tema	No tecnológica		obras
Proyecto de sustitución del puente Zubiete en Gordexola	URA/004/2025	Obras	Abierto / Plazo de presentación	1622172.89	-1.0	2100-12-31	Gobierno Vasco	https://www.contratacion.euskadi.eus/webkpe00-kpeperfi/es/contenidos/anuncio_contratacion/expgeura207081/es_doc/index.html	NotFound	NotFound	NotFound	NotFound	NotFound	2100-12-31	NotFound	NotFound	NotFound	Proyecto de sustitución del puente Zubiete en Gordexola	NotFound	Euskadi	2025-07-04	Sin tema	N/S		
Desarrollo de modelos de calidad en tramos fluviales de la Comunidad Autónoma del País Vasco dentro del marco del Plan de Recuperación, Transformación y Resiliencia financiado por la Unión Europea Next Generation EU	URA/011A/2025	Servicios	Abierto / Plazo de presentación	289256.2	-1.0	2100-12-31	Gobierno Vasco	https://www.contratacion.euskadi.eus/webkpe00-kpeperfi/es/contenidos/anuncio_contratacion/expgeura204008/es_doc/index.html	NotFound	NotFound	NotFound	NotFound	NotFound	2100-12-31	NotFound	NotFound	NotFound	Desarrollo de modelos de calidad en tramos fluviales de la Comunidad Autónoma del País Vasco dentro del marco del Plan de Recuperación, Transformación y Resiliencia financiado por la Unión Europea Next Generation EU	NotFound	Euskadi	2025-07-04	Sin tema	N/S		
Suministro de material para las estaciones hidrometeorológicas y de calidad, así como para las estaciones de la red de aguas subterráneas de la Agencia Vasca del Agua-URA	URA/0001SDA/2025	Suministros	Abierto / Plazo de presentación	290.0	-1.0	2100-12-31	Gobierno Vasco	https://www.contratacion.euskadi.eus/webkpe00-kpeperfi/es/contenidos/anuncio_contratacion/expjaso577455/es_doc/index.html	NotFound	NotFound	NotFound	NotFound	NotFound	2100-12-31	NotFound	NotFound	NotFound	Suministro de material para las estaciones hidrometeorológicas y de calidad, así como para las estaciones de la red de aguas subterráneas de la Agencia Vasca del Agua-URA	NotFound	Euskadi	2025-07-04	Sin tema	N/S		
P.A.S. 2025-5-37. Suministro de dispositivos de cierre septales.	P.A.S. 2025-5-37.	Suministros	En plazo	93300.0	111960.0	2025-07-11	NotFound	https://contratos-publicos.comunidad.madrid/contrato-publico/pas-2025-5-37-suministro-dispositivos-cierre-septales	33184100-4	Abierto simplificado	Electrónica	12 meses	No hay financiación de la Unión Europea	2100-12-31	NotFound	No aplica	Ordinaria	Suministro de dispositivos de cierre septales.	NotFound	Comunidad de Madrid	2025-07-04	Sin tema	N/S		
Suministro de Equipos auxiliares de formación con destino a los centros docentes dependientes de la gerencia asistencial de Atención primaria	A/SUM-023480/2025	Suministros	En plazo	26555.0	26555.0	2025-07-11	NotFound	https://contratos-publicos.comunidad.madrid/contrato-publico/suministro-equipos-auxiliares-formacion-destino-centros-docentes-dependientes	39000000-2	Abierto simplificado	Electrónica	3 meses	No hay financiación de la Unión Europea	2100-12-31	NotFound	No aplica	Ordinaria	Suministro de Equipos auxiliares de formación con destino a los centros docentes dependientes de la gerencia asistencial de Atención primaria	NotFound	Comunidad de Madrid	2025-07-04	Sin tema	N/S		
Suministro y montaje de un sistema de preparación automática de muestras y extracción en fase sólida	E202502	Suministros	En plazo	63611.45	63611.45	2025-07-10	NotFound	https://contratos-publicos.comunidad.madrid/contrato-publico/suministro-montaje-sistema-preparacion-automatica-muestras-extraccion-fase-solida	38000000-5	Abierto simplificado	Manual	84 días	Fondo Europeo de Desarrollo Regional	2100-12-31	NotFound	No aplica	Ordinaria	Suministro y montaje a adjudicar por procedimiento abierto simplificado con pluralidad de criterios de un sistema de preparación automática de muestras y extracción en fase sólida , cuyas características se especifican en el pliego de prescripciones técnicas particulares. Durante los 2 años de garantía mínima se incluirán los mantenimientos preventivos anuales y las actuaciones correctivas que fueran necesarias incluyendo material/piezas, transporte, mano de obra, desplazamiento y dietas.	NotFound	Comunidad de Madrid	2025-07-04	Sin tema	N/S		
Suministro y montaje de un equipo de cromatografía líquida (HPLC) acoplado a un espectrómetro de masas alta resolución con analizador de tiempo de vuelo con cuadrupolo (QTOF)	E202501	Suministros	En plazo	420800.0	420800.0	2025-07-10	NotFound	https://contratos-publicos.comunidad.madrid/contrato-publico/suministro-montaje-equipo-cromatografia-liquida-hplc-acoplado-espectrometro-masas	38432200-4	Abierto	Manual	84 días	Fondo Europeo de Desarrollo Regional	2100-12-31	NotFound	No aplica	Ordinaria	Suministro y montaje de un equipo de cromatografía liquida (HPLC) acoplado a un espectrómetro de masas alta resolución con analizador de tiempo de vuelo con cuadrupolo (QTOF), cuyas características se especifican en el pliego de prescripciones técnicas particulares. Durante los 2 años de garantía mínima se incluirán los mantenimientos preventivos anuales y las actuaciones correctivas que fueran necesarias incluyendo material/piezas, transporte, mano de obra, desplazamiento y dietas. El equipo deberá ser revisado por el servicio técnico antes de la finalización del periodo total de garantía.	NotFound	Comunidad de Madrid	2025-07-04	Sin tema	N/S		
Arrendamiento de un vehículo para el transporte de mercancías y personas para prestar servicio en la Secretaria General del Servicio Madrileño de Salud	PASA SUM 46/2024 (A/SUM-026116/2024)	Suministros	En plazo	43200.0	57600.0	2025-07-10	NotFound	https://contratos-publicos.comunidad.madrid/contrato-publico/arrendamiento-vehiculo-transporte-mercancias-personas-prestar-servicio-secretaria	34100000-8	Abierto simplificado	Electrónica	36 meses	No hay financiación de la Unión Europea	2100-12-31	NotFound	No aplica	Ordinaria	El arrendamiento de un vehículo para el transporte de mercancías y personas, en perfectas condiciones técnicas y administrativas para su circulación durante la vigencia del contrato, incluido el mantenimiento de los mismos, con destino a los Servicios centrales del Servicio Madrileño de Salud, cuyas características se especifican en el pliego de prescripciones técnicas particulares	NotFound	Comunidad de Madrid	2025-07-04	Sin tema	N/S		
Acondicionamiento entorno de la plaza de San Antón, en Chinchón	A/OBR-021616/2025	Obras	En plazo	64714.58	64714.58	2025-07-10	NotFound	https://contratos-publicos.comunidad.madrid/contrato-publico/acondicionamiento-entorno-plaza-san-anton-chinchon	45233222-1	Abierto simplificado	Electrónica	3 meses	No hay financiación de la Unión Europea	2100-12-31	NotFound	No aplica	Urgente	Acondicionamiento entorno de la plaza de San Antón, en Chinchón.	NotFound	Comunidad de Madrid	2025-07-04	Sin tema	N/S		
Servicio de Digitalización de expedientes de comunicación de botiquín de medicamentos y autorización de uso de gases medicinales en clínicas veterinarias y clínicas vehículos ambulantes y la venta en establecimientos comerciales detallistas	27/2025 A/SER-020569/2025	Servicios	En plazo	28160.85	28160.85	2025-07-10	NotFound	https://contratos-publicos.comunidad.madrid/contrato-publico/servicio-digitalizacion-expedientes-comunicacion-botiquin-medicamentos	79500000-9	Abierto simplificado	Electrónica	4 meses	No hay financiación de la Unión Europea	2100-12-31	NotFound	No aplica	Ordinaria	El objeto de este contrato consiste en la digitalización de los expedientes de comunicación de botiquín de medicamentos y autorización de uso de gases medicinales en clínicas veterinarias y en clínicas vehículo ambulantes y la venta en establecimientos comerciales detallistas ( ECD) de la Dirección General de Inspección y Ordenación Sanitaria.	NotFound	Comunidad de Madrid	2025-07-04	Sin tema	N/S		
Contrato de servicios para el análisis de arn total y sus isoformas para el grupo de “dislipemias de origen genético y enfermedades metabólicas del instituto de investigación sanitaria del hospital universitario la paz”, para la fundación para la investigación biomédica del hospital universitario la paz, a adjudicar por procedimiento abierto simplificado mediante pluralidad de criterios. Expediente PAS 36-2025. El Proyecto PI21/01239 objeto de este contrato está subvencionado por el ISCIII y cofinanciado por la Unión Europea.	PAS 36-2025	Servicios	En plazo	1494.0	1494.0	2025-07-09	NotFound	https://contratos-publicos.comunidad.madrid/contrato-publico/contrato-servicios-analisis-arn-total-isoformas-grupo-dislipemias-origen-genetico	71900000-7	Abierto simplificado	Electrónica	18 meses	Fondo Europeo de Desarrollo Regional	2100-12-31	NotFound	No aplica	Ordinaria	El presente contrato tiene por objeto el contrato del servicio de análisis de ARN total y sus isoformas para el grupo de dislipemias de origen genético y enfermedades metabólicas del Instituto de Investigación Sanitaria del Hospital de la Paz, para la obtención de perfiles de expresión diferencial en pacientes con diagnóstico clínico de Hipercolesterolemia Familiar y en la mejora del rendimiento diagnóstico en estos pacientes utilizando herramientas de diagnóstico genético de segunda línea.	NotFound	Comunidad de Madrid	2025-07-04	Sin tema	N/S		
Contrato de suministro de reactivos para el establecimiento y caracterización de cultivos primarios a partir de muestras de tejido tumoral y el mantenimiento de líneas celulares establecidas para el laboratorio de terapias experimentales y nuevos biomarcadores en cáncer, para la fundacion biomédica del hospital universitario la paz, a adjudicar por procedimiento abierto simplificado mediante pluralidad de criterios. Los Proyectos PI21/00145 y PI24/00291 han sido financiados por el Instituto de Salud Carlos III y cofinanciados por la Unión Europea. Expediente PAS 35-2025.	PAS 35-2025	Suministros	En plazo	41347.9	41347.9	2025-07-08	NotFound	https://contratos-publicos.comunidad.madrid/contrato-publico/contrato-suministro-reactivos-establecimiento-caracterizacion-cultivos-primarios	33696500-0	Abierto simplificado	Electrónica	18 meses	Fondo Europeo de Desarrollo Regional	2100-12-31	NotFound	No aplica	Ordinaria	El objeto del presente pliego es la contratación de un suministro para es llevar a cabo el establecimiento y caracterización por inmunofluorescencia de cultivos primarios, el mantenimiento de nuestras líneas celulares para el desarrollo de ensayos funcionales y la validación de los biomarcadores identificados en la línea de investigación, además de llevar a cabo la identificación, estudio y cuantificación de los biomarcadores en el laboratorio a través de la tecnología de qPCR para el desarrollo de la línea de investigación del proyecto PI21/00145 y PI24/00291 por el Grupo de Investigación de Terapias Experimentales y Biomarcadores en Cáncer del IdiPAZ.	NotFound	Comunidad de Madrid	2025-07-04	Sin tema	N/S		
Suministro de autoclaves con destino a los centros dependientes de la Gerencia Asistencial de Atención Primaria	A/SUM-023479/2025	Suministros	En plazo	49145.5	-1.0	2025-07-08	NotFound	https://contratos-publicos.comunidad.madrid/contrato-publico/suministro-autoclaves-destino-centros-dependientes-gerencia-asistencial-atencion	33100000-1	Abierto simplificado	Electrónica	18 meses	No hay financiación de la Unión Europea	2100-12-31	NotFound	No aplica	Ordinaria	Suministro de autoclaves con destino a los centros dependientes de la Gerencia Asistencial de Atención Primaria	NotFound	Comunidad de Madrid	2025-07-04	Sin tema	N/S		
Equipamiento técnico y tecnológico y mobiliario para los centros propios de la red de atención integral para la violencia de género de la Comunidad de Madrid en el marco del Plan de Recuperación, Transformación y Resiliencia financiado por la Unión Europea NEXTGENERATION EU (3 lotes)	143/2025	Suministros	En plazo	66206.63	-1.0	2025-07-09	NotFound	https://contratos-publicos.comunidad.madrid/contrato-publico/equipamiento-tecnico-tecnologico-mobiliario-centros-propios-red-atencion-integral	39713430-6, 30231200-9, 30237420-9, 48520000-9, 32342000-2, 38652100-1, 32320000-2, 39717100-2, 39715240-1, 39717200-3, 39143110-0, 39143100-7, 39143112-4, 39113200-9, 39113100-8, 39113000-7, 39122100-4, 39143123-4, 39143310-2	Abierto simplificado	Electrónica	NotFound	Asociado al Plan de Recuperación, Transformación y Resiliencia	2100-12-31	NotFound	No aplica	Ordinaria	El objeto del presente contrato es el suministro, montaje e instalación de equipamiento técnico y tecnológico y mobiliario, así como la retirada de los bienes a los que sustituyen en caso de existir, para dotar varios centros de la Red de Atención Integral para la Violencia de Género para su transformación hacia un nuevo modelo de gestión basado en el fomento de la autonomía y el aumento de la calidad de vida de las usuarias, así como una atención centrada en la persona que permita prestar los servicios que se ofertan en los centros. La contratación que se pretende resulta necesaria para satisfacer las necesidades de equipamiento técnico y tecnológico y de mobiliario para los centros propios de la Red de Atención Integral para la Violencia de Género de la Comunidad de Madrid, a los efectos de una prestación correcta de los servicios, siendo este contrato un elemento idóneo para atender dicha finalidad.	NotFound	Comunidad de Madrid	2025-07-04	Sin tema	No tecnológica		mobiliario
Servicios de carga, descarga, montaje y desmontaje 2025	3/2025 CM	Servicios	En plazo	105009.0	105009.0	2025-07-08	NotFound	https://contratos-publicos.comunidad.madrid/contrato-publico/servicios-carga-descarga-montaje-desmontaje-2025	63100000-0, 45255400-3	Abierto simplificado	Manual	12 meses	No hay financiación de la Unión Europea	2100-12-31	NotFound	No aplica	Ordinaria	Servicios de carga, descarga, montaje y desmontaje de elementos escenográficos.	NotFound	Comunidad de Madrid	2025-07-04	Sin tema	N/S		
PA 3/2025 - Servicio de Prevención Ajeno en las Especialidades de Seguridad en el Trabajo, Higiene Industrial, Ergonomía y Psicosociología Aplicada y Medicina del Trabajo (Vigilancia de la Salud)	PA 3/2025	Servicios	En plazo	30885.9	67948.98	2025-07-04	NotFound	https://contratos-publicos.comunidad.madrid/contrato-publico/pa-32025-servicio-prevencion-ajeno-especialidades-seguridad-trabajo-higiene	85147000-1, 85100000-0, 71317000-3	Abierto	Electrónica	2 años	No hay financiación de la Unión Europea	2100-12-31	NotFound	No aplica	Ordinaria	El objeto del contrato incluirá la totalidad de los trabajos y servicios correspondientes a la prevención de riesgos laborales, abarcando las especialidades preventivas de Seguridad en el Trabajo, Higiene Industrial, Ergonomía y Psicosociología Aplicada, así como Medicina del Trabajo (Vigilancia de la Salud) y demás obligaciones dispuestas por la normativa vigente en cada momento. Estas prestaciones estarán dirigidas a los empleados de la Fundación para la Investigación Biomédica del Hospital Universitario de La Princesa, cuyo número asciende a ciento cuarenta (140) en el momento de la elaboración del presente pliego, sin perjuicio de las variaciones que pudieran producirse durante la vigencia del contrato.	NotFound	Comunidad de Madrid	2025-07-04	Sin tema	N/S		
Suministro de preservativos y lubricantes monodosis para la prevención del VIH y otras ITS en la Comunidad de Madrid para el año 2025 (3 lotes).	25LT/2025 (A/SUM-018755/2025)	Suministros	En plazo	220630.0	220630.0	2025-07-04	NotFound	https://contratos-publicos.comunidad.madrid/contrato-publico/suministro-preservativos-lubricantes-monodosis-prevencion-vih-otras-its-comunidad	33712000-4, 24951100-6	Abierto	Electrónica	120 días	No hay financiación de la Unión Europea	2100-12-31	NotFound	No aplica	Ordinaria	Este contrato tiene por objeto el suministro de preservativos para la prevención del VIH/ITS 3.850.000 unidades de preservativos externos o masculinos, 20.000 unidades de preservativos internos o femeninos y 700.000 unidades monodosis de lubricantes, en tres lotes, cuyas características se especifican en el pliego de prescripciones técnicas particulares.	NotFound	Comunidad de Madrid	2025-07-04	Sin tema	N/S		
Diseño, creatividad y artefinalización para campañas de concienciación sobre economía circular de la Comunidad de Madrid	A/SER-001346/2025 (9-B/25)	Servicios	En plazo	35077.52	140310.08	2025-07-07	NotFound	https://contratos-publicos.comunidad.madrid/contrato-publico/diseno-creatividad-artefinalizacion-campanas-concienciacion-economia-circular	79341400-0	Abierto simplificado	Electrónica	1 años	No hay financiación de la Unión Europea	2100-12-31	NotFound	No aplica	Ordinaria	Diseño, creatividad y artefinalización para campañas de concienciación sobre economía circular de la Comunidad de Madrid	NotFound	Comunidad de Madrid	2025-07-04	Sin tema	N/S		
Reparación de cubiertas en polideportivo y edificio de mecánica en el IES San Fernando de Madrid	A/OBR-012356/2025	Obras	En plazo	1392898.65	1392898.65	2025-07-09	NotFound	https://contratos-publicos.comunidad.madrid/contrato-publico/reparacion-cubiertas-polideportivo-edificio-mecanica-ies-san-fernando-madrid	45214220-8	Abierto simplificado	Electrónica	8 meses	No hay financiación de la Unión Europea	2100-12-31	NotFound	No aplica	Ordinaria	Reparación de cubiertas en polideportivo y edificio de mecánica en el IES San Fernando de Madrid.	NotFound	Comunidad de Madrid	2025-07-04	Sin tema	N/S		
Adquisición de material necesario para el tratamiento de pacientes diabéticos con sistema integrado compuesto por bomba de insulina y monitor continuo de glucosa para el Hospital Universitario Severo Ochoa	PAS 78-2025	Suministros	En plazo	42900.0	94380.0	2025-07-07	NotFound	https://contratos-publicos.comunidad.madrid/contrato-publico/adquisicion-material-necesario-tratamiento-pacientes-diabeticos-sistema-integrado	33140000-3	Abierto simplificado	Electrónica	6 meses	No hay financiación de la Unión Europea	2100-12-31	NotFound	No aplica	Ordinaria	Adquisición de material necesario para el tratamiento de pacientes diabéticos con sistema integrado compuesto por bomba de insulina y monitor continuo de glucosa para el Hospital Universitario Severo Ochoa	NotFound	Comunidad de Madrid	2025-07-04	Sin tema	N/S		
Suministro e instalación de estores y cortinas para varios centros de la Agencia Madrileña de Atención Social (4 lotes)	A/SUM-011635/2025	Suministros	En plazo	170112.88	170112.88	2025-07-04	NotFound	https://contratos-publicos.comunidad.madrid/contrato-publico/suministro-e-instalacion-estores-cortinas-varios-centros-agencia-madrilena-0	39000000-2	Abierto	Electrónica	60 días	No hay financiación de la Unión Europea	2100-12-31	NotFound	No aplica	Ordinaria	Suministro e instalación de estores y cortinas para varios centros de la Agencia Madrileña de Atención Social (4 lotes)	NotFound	Comunidad de Madrid	2025-07-04	Sin tema	N/S		
Impartición de cursos de temática de lucha contra incendios forestales para bomberos pertenecientes a los planes de formación 2025, 2026 y 2027 de la Comunidad de Madrid	A/SER-018852/2025	Servicios	En plazo	413001.47	495601.76	2025-07-07	NotFound	https://contratos-publicos.comunidad.madrid/contrato-publico/imparticion-cursos-tematica-lucha-incendios-forestales-bomberos-pertenecientes	80511000-9	Abierto	Electrónica	27 meses	No hay financiación de la Unión Europea	2100-12-31	NotFound	No aplica	Ordinaria	La contratación del servicio de impartición de varios cursos de temática de lucha contra incendios forestales dirigidos a los miembros del Cuerpo de Bomberos de la Comunidad de Madrid, de carácter presencial y virtual, todo ello de conformidad con los requerimientos establecidos en el Pliego de Prescripciones Técnicas y en sus correspondientes Anexos.	NotFound	Comunidad de Madrid	2025-07-04	Sin tema	N/S		
Suministro de un Dispositivo de Asistencia Ventricular de larga duración y equipamiento a disposición del hospital necesario para su implantación, con destino al servicio de cirugía cardíaca del Hospital Universitario La Princesa	P.A.S. 51/2025 HUP	Suministros	En plazo	92000.0	92000.0	2025-07-08	NotFound	https://contratos-publicos.comunidad.madrid/contrato-publico/suministro-dispositivo-asistencia-ventricular-larga-duracion-equipamiento	33184300-6	Abierto simplificado	Electrónica	6 meses	No hay financiación de la Unión Europea	2100-12-31	NotFound	No aplica	Ordinaria	Suministro de un Dispositivo de Asistencia Ventricular de larga duración y equipamiento a disposición del hospital necesario para su implantación, con destino al servicio de cirugía cardíaca del Hospital Universitario La Princesa	NotFound	Comunidad de Madrid	2025-07-04	Sin tema	N/S		
Realización de la LXXXVII Subasta nacional de Ganado Selecto. Año 2025	A/SER-008276/2025 (12-C/25)	Servicios	En plazo	57486.1	57486.1	2025-07-09	NotFound	https://contratos-publicos.comunidad.madrid/contrato-publico/realizacion-lxxxvii-subasta-nacional-ganado-selecto-ano-2025	79956000-0	Abierto simplificado	Electrónica	5 meses	No hay financiación de la Unión Europea	2100-12-31	NotFound	No aplica	Ordinaria	El objeto del presente contrato es la realización de todos los servicios necesarios para llevar a cabo la LXXXVII Subasta Nacional de Ganado Selecto, año 2025.	NotFound	Comunidad de Madrid	2025-07-04	Sin tema	N/S		
Obras de adecuación de espacios adyacentes a la pista polideportiva del Instituto de Formación Integral en Seguridad y Emergencias	A/OBR-035995/2024	Obras	En plazo	185666.66	185666.66	2025-07-07	NotFound	https://contratos-publicos.comunidad.madrid/contrato-publico/obras-adecuacion-espacios-adyacentes-pista-polideportiva-instituto-formacion	45233222-1	Abierto simplificado	Electrónica	3 meses	No hay financiación de la Unión Europea	2100-12-31	NotFound	No aplica	Ordinaria	Obras de adecuación de espacios adyacentes a la pista polideportiva del Instituto de Formación Integral en Seguridad y Emergencias	NotFound	Comunidad de Madrid	2025-07-04	Sin tema	No tecnológica		obras
P.A.S. 2025-5-36. Suministro de de reactivos y fungibles para la realización de estudios farmacogenéticos en el Instituto de Genética Médica y Molecular (INGEMM-Genética) para el Hospital Universitario La Paz	P.A.S. 2025-5-36	Suministros	En plazo	91392.45	109670.94	2025-07-07	NotFound	https://contratos-publicos.comunidad.madrid/contrato-publico/pas-2025-5-36-suministro-reactivos-fungibles-realizacion-estudios-farmacogeneticos	33696500-0	Abierto simplificado	Electrónica	12 meses	No hay financiación de la Unión Europea	2100-12-31	NotFound	No aplica	Ordinaria	Suministro de de reactivos y fungibles para la realización de estudios farmacogenéticos en el Instituto de Genética Médica y Molecular (INGEMM-Genética) para el Hospital Universitario La Paz	NotFound	Comunidad de Madrid	2025-07-04	Sin tema	N/S		
Ropa Plana y de Forma	PAS HUPA 104/25	Suministros	En plazo	118766.8	118766.8	2025-07-07	NotFound	https://contratos-publicos.comunidad.madrid/contrato-publico/ropa-plana-forma-1	39518000-6	Abierto simplificado	Electrónica	6 meses	No hay financiación de la Unión Europea	2100-12-31	NotFound	No aplica	Ordinaria	Suministro de Ropa Plana y de Forma de uso sanitario	NotFound	Comunidad de Madrid	2025-07-04	Sin tema	N/S		
Concesión de servicios para la gestión de una pista de hielo a instalar en el parque Tercer Depósito de Canal de Isabel II, S.A., M.P.	115-2025	Servicios	En plazo	58250.35	58250.35	2025-07-11	NotFound	https://contratos-publicos.comunidad.madrid/contrato-publico/concesion-servicios-gestion-pista-hielo-instalar-parque-tercer-deposito-canal	92000000-1, 37480000-6, 37411200-4, 45212140-9	Abierto simplificado	Electrónica	2 meses	No hay financiación de la Unión Europea	2100-12-31	NotFound	No aplica	Ordinaria	Concesión de servicios para la gestión de una pista de hielo a instalar en el parque Tercer Depósito de Canal de Isabel II, S.A., M.P.	NotFound	Comunidad de Madrid	2025-07-04	Sin tema	N/S		
Suministro, instalación y puesta en funcionamiento de cardiotocógrafos y sistemas de telemetría inalámbrica para el servicio de obstetricia del Hospital Universitario Fundación Alcorcón	PAS-SUM 055/25	Suministros	En plazo	94200.0	94200.0	2025-07-03	NotFound	https://contratos-publicos.comunidad.madrid/contrato-publico/suministro-instalacion-puesta-funcionamiento-cardiotocografos-sistemas-0	33100000-1	Abierto simplificado	Electrónica	3 meses	No hay financiación de la Unión Europea	2100-12-31	NotFound	No aplica	Ordinaria	Este contrato tiene por objeto el suministro, instalación y puesta en funcionamiento de cardiotocógrafos y sistemas de telemetría inalámbrica para el Servicio de Obstetricia del del Hospital Universitario Fundación Alcorcón, cuyas características se especifican en el pliego de prescripciones técnicas particulares y con las medidas adecuadas de gestión de la calidad, sociales y de respeto al medioambiente.	NotFound	Comunidad de Madrid	2025-07-04	Sin tema	N/S		
"Contrato de obras de adecuación a normativa de los estercoleros y corrales ganaderos de la Finca ""Riosequillo"" del IMIDRA"	A/OBR-018133/2025	Obras	En plazo	202386.29	202386.29	2025-07-08	NotFound	https://contratos-publicos.comunidad.madrid/contrato-publico/contrato-obras-adecuacion-normativa-estercoleros-corrales-ganaderos-finca	45000000-7	Abierto simplificado	Electrónica	4 meses	No hay financiación de la Unión Europea	2100-12-31	NotFound	No aplica	Ordinaria	"Adecuación a normativa de los estercoleros y corrales ganaderos de la Finca ""Riosequillo"" del IMIDRA. Las actuaciones que se pretenden ejecutar en este contrato de obras están definidas en el proyecto de obras de la presenta licitación y tienen por objeto que los residuos generados y almacenados no provoquen un impacto ambiental negativo y que, al mismo tiempo, las soluciones propuestas no causen impacto en el paisaje, quedando dichas actuaciones amparadas por la normativa actual."	NotFound	Comunidad de Madrid	2025-07-04	Sin tema	No tecnológica		obras, contrato_de_obras
contrato de suministro de materiales plásticos para la realización de qpcrs y mantenimiento de cultivos celulares para el laboratorio de terapias experimentales y nuevos biomarcadores en cáncer, para la fundación para la investigación biomédica del hospital universitario la paz, a adjudicar por procedimiento abierto simplificado mediante pluralidad de criterios. El Proyecto PI21/00145 ha sido financiado por el Instituto de Salud Carlos III y cofinanciado por la Unión Europea. Expediente PAS 34-2025.	PAS 34-2025	Suministros	En plazo	23928.74	23928.74	2025-07-02	NotFound	https://contratos-publicos.comunidad.madrid/contrato-publico/contrato-suministro-materiales-plasticos-realizacion-qpcrs-mantenimiento-cultivos	38000000-5	Abierto simplificado	Electrónica	13 meses	Fondo Europeo de Desarrollo Regional	2100-12-31	NotFound	No aplica	Ordinaria	El objeto del presente pliego es la contratación de un suministro de material plástico para el  establecimiento de cultivos primarios y el mantenimiento de nuestras líneas celulares para el desarrollo de ensayos funcionales y la validación de los biomarcadores identificados en la línea de investigación, además de llevar a cabo la identificación, estudio y cuantificación de los biomarcadores en el laboratorio a través de la tecnología de qPCR para el desarrollo de la línea de investigación del proyecto PI21-00145 por el Grupo de Investigación de Epigenética del IdiPAZ.	NotFound	Comunidad de Madrid	2025-07-04	Sin tema	N/S		
Contratación de un servicio de soporte integral de sistemas de información para la Fundación para la Investigación Biomédica del Hospital Universitario 12 de Octubre. FIB 2025/019	FIB 2025/019	Servicios	En plazo	23500.0	70500.0	2025-07-04	NotFound	https://contratos-publicos.comunidad.madrid/contrato-publico/contratacion-servicio-soporte-integral-sistemas-informacion-fundacion	72500000-0, 50320000-4	Abierto simplificado	Electrónica	12 meses	No hay financiación de la Unión Europea	2100-12-31	NotFound	No aplica	Ordinaria	Servicio de soporte y mantenimiento integral de sistemas para la Fundación, que asegure el correcto funcionamiento de los sistemas informáticos e infraestructuras que se encuentran a disposición de esta.	NotFound	Comunidad de Madrid	2025-07-04	Sin tema	N/S		
Jornada de Empleo joven y habilidades clave para el mercado de trabajo	C-241M/008-25 (A/SER-020040/2025)	Servicios	En plazo	247596.45	247596.45	2025-07-04	NotFound	https://contratos-publicos.comunidad.madrid/contrato-publico/jornada-empleo-joven-habilidades-clave-mercado-trabajo	79956000-0	Abierto	Electrónica	3 meses	No hay financiación de la Unión Europea	2100-12-31	NotFound	No aplica	Ordinaria	Jornada de Empleo joven y habilidades clave para el mercado de trabajo.	NotFound	Comunidad de Madrid	2025-07-04	Sin tema	N/S		
